-- phpMyAdmin SQL Dump
-- version 3.5.5
-- http://www.phpmyadmin.net
--
-- Host: localhost
-- Generation Time: Oct 25, 2013 at 05:48 PM
-- Server version: 5.5.29
-- PHP Version: 5.4.10

SET SQL_MODE="NO_AUTO_VALUE_ON_ZERO";
SET time_zone = "+00:00";


/*!40101 SET @OLD_CHARACTER_SET_CLIENT=@@CHARACTER_SET_CLIENT */;
/*!40101 SET @OLD_CHARACTER_SET_RESULTS=@@CHARACTER_SET_RESULTS */;
/*!40101 SET @OLD_COLLATION_CONNECTION=@@COLLATION_CONNECTION */;
/*!40101 SET NAMES utf8 */;

--
-- Database: `time-db`
--

-- --------------------------------------------------------

--
-- Table structure for table `admin`
--

CREATE TABLE `admin` (
  `admin_id` int(11) NOT NULL AUTO_INCREMENT,
  `users_id` int(11) NOT NULL,
  `lastIP` varchar(27) NOT NULL DEFAULT 'None',
  PRIMARY KEY (`admin_id`)
) ENGINE=InnoDB  DEFAULT CHARSET=latin1 AUTO_INCREMENT=4 ;

--
-- Dumping data for table `admin`
--

INSERT INTO `admin` (`admin_id`, `users_id`, `lastIP`) VALUES
(1, 18, '::1'),
(2, 714, '::1'),
(3, 36, '::1');

-- --------------------------------------------------------

--
-- Table structure for table `categories`
--

CREATE TABLE `categories` (
  `categories_id` int(11) NOT NULL AUTO_INCREMENT,
  `category` varchar(255) DEFAULT NULL,
  `isActive` tinyint(1) NOT NULL DEFAULT '1',
  PRIMARY KEY (`categories_id`)
) ENGINE=InnoDB  DEFAULT CHARSET=latin1 AUTO_INCREMENT=6 ;

--
-- Dumping data for table `categories`
--

INSERT INTO `categories` (`categories_id`, `category`, `isActive`) VALUES
(1, 'Company', 1),
(2, 'Enterprise', 1),
(3, 'Service Provider', 1),
(4, 'Channel', 1);

-- --------------------------------------------------------

--
-- Table structure for table `delegation`
--

CREATE TABLE `delegation` (
  `delegation_id` int(11) NOT NULL AUTO_INCREMENT,
  `users_id` int(11) NOT NULL,
  `effective_users_id` int(11) NOT NULL,
  PRIMARY KEY (`delegation_id`),
  KEY `uid5` (`users_id`),
  KEY `uid6` (`effective_users_id`)
) ENGINE=InnoDB  DEFAULT CHARSET=latin1 AUTO_INCREMENT=9 ;

--
-- Dumping data for table `delegation`
--

INSERT INTO `delegation` (`delegation_id`, `users_id`, `effective_users_id`) VALUES
(7, 36, 17),
(8, 714, 17);

-- --------------------------------------------------------

--
-- Table structure for table `email_exclusion`
--

CREATE TABLE `email_exclusion` (
  `email_exclusion_id` int(11) NOT NULL AUTO_INCREMENT,
  `users_id` int(11) NOT NULL,
  PRIMARY KEY (`email_exclusion_id`),
  KEY `uid7` (`users_id`)
) ENGINE=InnoDB  DEFAULT CHARSET=latin1 AUTO_INCREMENT=6 ;

--
-- Dumping data for table `email_exclusion`
--

INSERT INTO `email_exclusion` (`email_exclusion_id`, `users_id`) VALUES
(4, 17),
(1, 18),
(5, 36),
(2, 714);

-- --------------------------------------------------------

--
-- Table structure for table `global_activity`
--

CREATE TABLE `global_activity` (
  `global_id` int(11) NOT NULL AUTO_INCREMENT,
  `categories_id` int(11) NOT NULL,
  `description` varchar(255) DEFAULT NULL,
  `comments` varchar(255) DEFAULT NULL,
  `isActive` tinyint(1) NOT NULL DEFAULT '1',
  PRIMARY KEY (`global_id`),
  KEY `categories_id` (`categories_id`)
) ENGINE=InnoDB  DEFAULT CHARSET=latin1 AUTO_INCREMENT=29 ;

--
-- Dumping data for table `global_activity`
--

INSERT INTO `global_activity` (`global_id`, `categories_id`, `description`, `comments`, `isActive`) VALUES
(1, 1, 'COMPANY: Internal Support', '(Marketing, Engineering, etc.)', 1),
(2, 1, 'COMPANY: Tech. Training ', '(SE Boot Camp, CE, etc.)', 1),
(3, 1, 'COMPANY: Other Training ', '(HR, Compliance, Soft Skills, etc.))', 1),
(4, 1, 'COMPANY: Travel', '(non-customer related travel)', 1),
(5, 1, 'COMPANY: PTO ', '(Holiday, sick day, etc.)', 1),
(6, 2, 'ENT: Customer Facing ', '(customer meetings, EBCs, etc.)', 1),
(7, 2, 'ENT: Customer Back Office ', '(customer meeting prep. RFC prep, etc.)', 1),
(8, 2, 'ENT: Customer Lab Activities', '', 1),
(9, 2, 'ENT: Customer Travel', '', 1),
(10, 2, 'ENT: Customer Post-Sales Activities', '', 1),
(11, 3, 'SP: Customer Facing ', '(customer meetings, EBCs, etc.)', 1),
(12, 3, 'SP: Customer Back Office ', '(customer meeting prep. RFC prep, etc.)', 1),
(13, 3, 'SP: Customer Lab Activities', '', 1),
(14, 3, 'SP: Customer Travel', '', 1),
(15, 3, 'SP: Customer Post-Sales Activities', '', 1),
(16, 4, 'CHNL: Customer Facing ', '(customer meetings, EBCs, etc.)', 1),
(17, 4, 'CHNL: Customer Back Office ', '(customer meeting prep. RFC prep, etc.)', 1),
(18, 4, 'CHNL: Customer Lab Activities', '', 1),
(19, 4, 'CHNL: Customer Travel', '', 1),
(20, 4, 'CHNL: Customer Post-Sales Activities ', '', 1),
(21, 1, 'COMPANY: Internal Meetings', '', 1),
(22, 4, 'CHNL: Partner Facing', '(Partner meetings, etc.)', 1),
(23, 4, 'CHNL: Partner Back Office', '(Partner meeting prep, etc.)', 1),
(24, 4, 'CHNL: Partner Lab Activities', '', 1);

-- --------------------------------------------------------

--
-- Table structure for table `global_vars`
--

CREATE TABLE `global_vars` (
  `global_vars_id` int(11) NOT NULL AUTO_INCREMENT,
  `name` varchar(255) NOT NULL,
  `comment` varchar(255) DEFAULT NULL,
  `value` varchar(255) NOT NULL,
  `updatedBy` int(11) DEFAULT NULL,
  PRIMARY KEY (`global_vars_id`)
) ENGINE=InnoDB  DEFAULT CHARSET=latin1 AUTO_INCREMENT=5 ;

--
-- Dumping data for table `global_vars`
--

INSERT INTO `global_vars` (`global_vars_id`, `name`, `comment`, `value`, `updatedBy`) VALUES
(1, 'MAX_HOURS_PER_DAY', 'The maximum number of hours per day that a user is allowed to input time for.', '12', 2),
(2, 'MIN_HOURS_PER_WEEK', 'The minimum number of hours that a user must have entered for a week to avoid being sent a reminder email.', '32', 1),
(3, 'TITLE', 'This is title displayed for every page on the site.', 'Time Tracker', 1),
(4, 'DELEGATION_THRESHOLD', 'The minimum level of POSITION that can delegate their role. If you set this to 1, all users will have the ability.', '4', 1);

-- --------------------------------------------------------

--
-- Table structure for table `local_activity`
--

CREATE TABLE `local_activity` (
  `local_id` int(11) NOT NULL AUTO_INCREMENT,
  `global_id` int(11) DEFAULT NULL COMMENT 'Maps to a global activity.',
  `users_id` int(11) DEFAULT NULL COMMENT 'Maps to the manager that creates this local code.',
  `description` varchar(255) NOT NULL COMMENT 'Description of the local code.',
  `comments` varchar(255) NOT NULL,
  `isActive` tinyint(1) NOT NULL DEFAULT '1',
  PRIMARY KEY (`local_id`),
  KEY `global_id` (`global_id`),
  KEY `users_id` (`users_id`)
) ENGINE=InnoDB  DEFAULT CHARSET=latin1 AUTO_INCREMENT=42 ;

--
-- Dumping data for table `local_activity`
--

INSERT INTO `local_activity` (`local_id`, `global_id`, `users_id`, `description`, `comments`, `isActive`) VALUES
(16, 2, 17, 'Quarterly SE Training', 'Preparation for Tech Summits, Testarossa, etc.', 1),
(17, 2, 17, 'SE Boot Camp', 'Preparation, support work for SE Boot Camp', 1),
(18, 1, 17, 'SE Time Tracker', 'SE Time Tracker Project', 1),
(19, 2, 17, 'RSS Project', 'Support for RSS Podcast Project', 1),
(20, 1, 17, 'SE Management Meetings', 'Internal SE Management Meeting', 1),
(21, 10, 497, 'Customer Training', 'Customer Specific Training Post Sale', 1),
(22, 6, 497, 'Design Workshops', 'Detailed Customer Design Workshops', 1),
(23, 7, 497, 'Account Planning', 'NNS Process Account Planning', 1),
(24, 7, 36, 'Account Work', 'Account Planning', 1),
(25, 7, 36, 'Account Work', 'Account Review', 1),
(26, 1, 36, 'COMPANY', 'Other Activities', 1),
(27, 1, 714, 'Test', 'Test', 1),
(28, 1, 68, 'Data Center Business Unit Support', 'Working on tasks associated to the data center business unit', 1),
(29, 1, 68, 'Marketing Support', 'Activities associated to support of marketing efforts', 1),
(30, 1, 521, 'SE Lab', 'maintenance and configuration of lab environment. Actual demo''s should be booked to end customer activity.', 1),
(31, 6, 521, 'Non-GB', 'Customer Facing', 1),
(32, 9, 521, 'Non-GB', 'Customer Travel', 1),
(33, 7, 521, 'Non-GB', 'Customer Back Office', 1),
(34, 8, 521, 'Non-GB', 'Customer Lab Activities', 1),
(35, 10, 521, 'Non-GB', 'Customer Post-Sales Activities', 1),
(36, 1, 17, 'JTS Participation', 'JTS planning, participation, etc.', 1),
(37, 11, 479, '1-SBY2W9', 'Siebel ID for TELUS Wireless', 1),
(38, 6, 479, '1-U0ZZIC', 'Siebel ID for Bank of Montreal', 1),
(39, 6, 479, '1-PQ38T5', 'Siebel ID for Citigroup', 1),
(40, 6, 479, '1-PMDKTR', 'Siebel ID for Disney', 1),
(41, 11, 479, '1-TSL1KR', 'Siebel ID for Rackspace', 1);

-- --------------------------------------------------------

--
-- Table structure for table `managers`
--

CREATE TABLE `managers` (
  `managers_id` int(11) NOT NULL AUTO_INCREMENT,
  `users_id` int(11) DEFAULT NULL,
  `name` varchar(16) NOT NULL,
  `isActive` tinyint(1) NOT NULL DEFAULT '1',
  PRIMARY KEY (`managers_id`),
  KEY `users_id` (`users_id`)
) ENGINE=InnoDB  DEFAULT CHARSET=latin1 AUTO_INCREMENT=142 ;

--
-- Dumping data for table `managers`
--

INSERT INTO `managers` (`managers_id`, `users_id`, `name`, `isActive`) VALUES
(1, 3, 'sfoong', 1),
(2, 4, 'wchan', 1),
(3, 16, 'mkolon', 1),
(4, 17, 'sstevens', 1),
(5, 18, 'admin', 1),
(6, 30, 'ismail', 1),
(7, 37, 'subrar', 1),
(8, 38, 'sandeeps', 1),
(9, 39, 'alvin', 1),
(10, 40, 'mmiller', 1),
(11, 41, 'bkim', 1),
(12, 42, 'zhanglong', 1),
(13, 43, 'wwang', 1),
(14, 48, 'swoods', 1),
(15, 52, 'jmaxfiel', 1),
(16, 58, 'twang', 1),
(17, 68, 'dleitzel', 1),
(18, 71, 'psmiraglia', 1),
(19, 73, 'lwang', 1),
(20, 75, 'tacoma', 1),
(21, 82, 'glousteau', 1),
(22, 87, 'lisp', 1),
(23, 100, 'szhao', 1),
(24, 129, 'egagala', 1),
(25, 134, 'jaimec', 1),
(26, 146, 'rdickens', 1),
(27, 191, 'MLTolliver', 1),
(28, 194, 'rmickey', 1),
(29, 195, 'cbowers', 1),
(30, 211, 'kevwal', 1),
(31, 214, 'RPROULX', 1),
(32, 223, 'mcornejo', 1),
(33, 224, 'srichardson', 1),
(34, 230, 'dowang', 1),
(35, 234, 'wwen', 1),
(36, 238, 'cbisson', 1),
(37, 259, 'troberts', 1),
(38, 263, 'mmessina', 1),
(39, 264, 'kobbie', 1),
(40, 266, 'caio', 1),
(41, 269, 'swilliam', 1),
(42, 273, 'erandle', 1),
(43, 274, 'mkremmel', 1),
(44, 292, 'Kdineen', 1),
(45, 312, 'nhenriksson', 1),
(46, 330, 'truban', 1),
(47, 331, 'jmccombe', 1),
(48, 332, 'rayr', 1),
(49, 333, 'eteece', 1),
(50, 334, 'rpalmer', 1),
(51, 335, 'sreichmeider', 1),
(52, 340, 'cdierks', 1),
(53, 345, 'aosada', 1),
(54, 353, 'Lguess', 1),
(55, 354, 'pgerry', 1),
(56, 355, 'oschuermann', 1),
(57, 356, 'jhawk', 1),
(58, 357, 'vtavares', 1),
(59, 358, 'lemaster', 1),
(60, 359, 'jeremy', 1),
(61, 361, 'evasilenko', 1),
(62, 367, 'pbrickner', 1),
(63, 373, 'regonini', 1),
(64, 376, 'ksakamoto', 1),
(65, 380, 'sugawara', 1),
(66, 386, 'jseitz', 1),
(67, 387, 'fraimon', 1),
(68, 388, 'rmurrell', 1),
(69, 389, 'bgage', 1),
(70, 390, 'bpavane', 1),
(71, 391, 'rmudd', 1),
(72, 394, 'temp_mgr', 1),
(73, 395, 'mlangdon', 1),
(74, 396, 'aball', 1),
(75, 397, 'tomv', 1),
(76, 398, 'rakhanna', 1),
(77, 408, 'jdeabreu', 1),
(78, 415, 'dlindner', 1),
(79, 416, 'jframe', 1),
(80, 454, 'Raghu', 1),
(81, 464, 'tsuyoshi', 1),
(82, 466, 'sinoue', 1),
(83, 468, 'scrocker', 1),
(84, 469, 'nhomma', 1),
(85, 473, 'nnagatak', 1),
(86, 484, 'obachour', 1),
(87, 489, 'nburke', 1),
(88, 492, 'uwe', 1),
(89, 493, 'nsiebelink', 1),
(90, 497, 'arowley', 1),
(91, 504, 'juze', 1),
(92, 505, 'jmcguire', 1),
(93, 507, 'esicard', 1),
(94, 508, 'fpalozza', 1),
(95, 512, 'tabbas', 1),
(96, 514, 'jscramuzzo', 1),
(97, 516, 'jantich', 1),
(98, 521, 'mmatthews', 1),
(99, 525, 'mrausche', 1),
(100, 527, 'ecowart', 1),
(101, 528, 'rfjaeger', 1),
(102, 530, 'Cucinell', 1),
(103, 531, 'bagueh', 1),
(104, 534, 'alew', 1),
(105, 537, 'omelwig', 1),
(106, 538, 'dspillane', 1),
(107, 551, 'kanzai', 1),
(108, 556, 'mpuras', 1),
(109, 557, 'tcampbell', 1),
(110, 558, 'rogrady', 1),
(111, 572, 'uklatt', 1),
(112, 573, 'Wolfgang', 1),
(113, 577, 'ito', 1),
(114, 578, 'tmori', 1),
(115, 594, 'gweltmaier', 1),
(116, 695, 'bhaynes', 1),
(117, 696, 'mason', 1),
(118, 697, 'Slafuria', 1),
(120, 699, 'chrism', 1),
(121, 700, 'Iquinn', 1),
(122, 701, 'tregonini', 1),
(123, 702, 'jmaxfield', 1),
(124, 703, 'ktank', 1),
(125, 704, 'kwatanabe', 1),
(126, 705, 'fberrueta', 1),
(127, 706, 'elibraro', 1),
(128, 707, 'bpope', 1),
(129, 708, 'alan', 1),
(130, 709, 'resigned', 1),
(131, 710, 'rmurell', 1),
(132, 711, 'beden', 1),
(133, 712, 'pcutilla', 1),
(134, 713, 'ycheng', 1),
(135, 36, 'jpost', 1),
(136, 479, 'sfr', 1),
(140, 714, 'stclair', 1),
(141, 479, '', 1);

-- --------------------------------------------------------

--
-- Table structure for table `positions`
--

CREATE TABLE `positions` (
  `positions_id` int(11) NOT NULL AUTO_INCREMENT COMMENT 'NEVER CHANGE THESE! Based on this value a user is set to be a manager or not (per client)',
  `position` varchar(255) NOT NULL,
  PRIMARY KEY (`positions_id`)
) ENGINE=InnoDB  DEFAULT CHARSET=latin1 AUTO_INCREMENT=5 ;

--
-- Dumping data for table `positions`
--

INSERT INTO `positions` (`positions_id`, `position`) VALUES
(1, 'SE'),
(2, 'SEM'),
(3, 'SED'),
(4, 'SEVP');

-- --------------------------------------------------------

--
-- Table structure for table `profile`
--

CREATE TABLE `profile` (
  `profile_id` int(11) NOT NULL AUTO_INCREMENT,
  `users_id` int(11) DEFAULT NULL,
  `localTimezone` varchar(255) DEFAULT NULL,
  `weekStart` varchar(10) DEFAULT NULL,
  `positions_id` int(11) DEFAULT NULL,
  `regions_id` int(11) DEFAULT NULL,
  PRIMARY KEY (`profile_id`),
  KEY `users_id` (`users_id`),
  KEY `positions_id` (`positions_id`)
) ENGINE=InnoDB  DEFAULT CHARSET=latin1 AUTO_INCREMENT=39 ;

--
-- Dumping data for table `profile`
--

INSERT INTO `profile` (`profile_id`, `users_id`, `localTimezone`, `weekStart`, `positions_id`, `regions_id`) VALUES
(6, 36, 'America/New_York', 'Monday', 3, 1),
(11, 17, 'America/New_York', 'Monday', 4, 1),
(13, 497, 'Europe/London', 'Monday', 2, 2),
(14, 521, 'Europe/London', 'Monday', 2, 2),
(15, 714, 'America/New_York', 'Monday', 2, 1),
(16, 3, 'Asia/Singapore', 'Monday', 3, 3),
(17, 395, 'America/New_York', 'Monday', 2, 1),
(18, 615, 'America/New_York', 'Monday', 1, 1),
(19, 622, 'Europe/London', 'Monday', 1, 2),
(20, 717, 'Europe/Brussels', 'Monday', 1, 2),
(21, 626, 'Europe/London', 'Monday', 1, 2),
(22, 115, 'Asia/Kuala_Lumpur', 'Monday', 1, 3),
(23, 9, 'Asia/Hong_Kong', 'Monday', 1, 3),
(24, 366, 'Europe/London', 'Monday', 1, 2),
(25, 68, 'America/Denver', 'Monday', 2, 1),
(26, 18, 'America/New_York', 'Monday', 4, 1),
(27, 595, 'Europe/London', 'Monday', 1, 2),
(28, 543, 'America/Chicago', 'Monday', 1, 1),
(29, 159, 'America/Virgin', 'Monday', 1, 1),
(30, 718, 'America/Argentina/Buenos_Aires', 'Monday', 1, 1),
(31, 519, 'Europe/London', 'Monday', 1, 2),
(32, 623, 'Europe/London', 'Monday', 1, 2),
(33, 500, 'Europe/London', 'Monday', 1, 2),
(34, 715, 'Europe/London', 'Monday', 1, 2),
(35, 47, 'Australia/Melbourne', 'Monday', 1, 3),
(36, 8, 'Asia/Hong_Kong', 'Monday', 1, 3),
(37, 2, 'Asia/Singapore', 'Sunday', 1, 3),
(38, 479, 'America/New_York', 'Sunday', 3, 1);

-- --------------------------------------------------------

--
-- Table structure for table `regions`
--

CREATE TABLE `regions` (
  `regions_id` int(11) NOT NULL AUTO_INCREMENT,
  `region` varchar(255) NOT NULL,
  PRIMARY KEY (`regions_id`)
) ENGINE=InnoDB  DEFAULT CHARSET=latin1 AUTO_INCREMENT=4 ;

--
-- Dumping data for table `regions`
--

INSERT INTO `regions` (`regions_id`, `region`) VALUES
(1, 'Americas'),
(2, 'EMEA'),
(3, 'APAC');

-- --------------------------------------------------------

--
-- Table structure for table `roles`
--

CREATE TABLE `roles` (
  `roles_id` int(11) NOT NULL AUTO_INCREMENT,
  `role` varchar(255) NOT NULL,
  PRIMARY KEY (`roles_id`)
) ENGINE=InnoDB  DEFAULT CHARSET=latin1 AUTO_INCREMENT=5 ;

--
-- Dumping data for table `roles`
--

INSERT INTO `roles` (`roles_id`, `role`) VALUES
(1, 'Enterprise'),
(2, 'Service Provider'),
(3, 'Channel'),
(4, 'Both (Enterprise and Service Provider)');

-- --------------------------------------------------------

--
-- Table structure for table `time`
--

CREATE TABLE `time` (
  `time_id` int(11) NOT NULL AUTO_INCREMENT,
  `users_id` int(11) DEFAULT NULL,
  `date` date DEFAULT NULL,
  `global_id` int(11) DEFAULT NULL,
  `local_id` int(11) DEFAULT NULL,
  `hours` decimal(3,1) DEFAULT NULL,
  `managers_id` int(11) NOT NULL,
  PRIMARY KEY (`time_id`),
  KEY `global_id` (`global_id`),
  KEY `users_id` (`users_id`),
  KEY `date` (`date`),
  KEY `local_id` (`local_id`)
) ENGINE=InnoDB  DEFAULT CHARSET=latin1 AUTO_INCREMENT=576 ;

--
-- Dumping data for table `time`
--

INSERT INTO `time` (`time_id`, `users_id`, `date`, `global_id`, `local_id`, `hours`, `managers_id`) VALUES
(1, 36, '2011-10-03', 2, 16, 4.0, 4),
(2, 36, '2011-10-03', 1, NULL, 1.0, 4),
(3, 36, '2011-10-03', 1, 18, 5.0, 4),
(4, 36, '2011-10-04', 1, 18, 8.0, 4),
(5, 36, '2011-10-05', 1, 18, 8.0, 4),
(6, 36, '2011-10-06', 1, 18, 8.0, 4),
(7, 36, '2011-10-07', 1, 18, 8.0, 4),
(8, 36, '2011-09-26', 1, 18, 4.0, 4),
(9, 36, '2011-09-26', 1, NULL, 4.0, 4),
(10, 36, '2011-09-27', 1, NULL, 2.0, 4),
(11, 36, '2011-09-27', 2, 16, 2.0, 4),
(12, 36, '2011-09-27', 1, 18, 2.0, 4),
(13, 36, '2011-09-26', 2, 16, 2.0, 4),
(14, 36, '2011-09-26', 1, 18, 6.0, 4),
(15, 36, '2011-09-27', 1, NULL, 2.0, 4),
(16, 36, '2011-09-27', 2, 16, 2.0, 4),
(17, 36, '2011-09-27', 1, 18, 4.0, 4),
(18, 36, '2011-09-28', 1, NULL, 3.0, 4),
(19, 36, '2011-09-28', 2, 16, 4.0, 4),
(20, 36, '2011-09-28', 1, 18, 2.0, 4),
(21, 36, '2011-09-29', 1, NULL, 3.0, 4),
(22, 36, '2011-09-29', 2, 16, 4.0, 4),
(23, 36, '2011-09-29', 1, 18, 2.0, 4),
(24, 36, '2011-09-30', 1, 18, 8.0, 4),
(25, 36, '2011-09-19', 1, NULL, 2.0, 4),
(26, 36, '2011-09-19', 2, 16, 4.0, 4),
(27, 36, '2011-09-19', 1, 18, 2.0, 4),
(28, 36, '2011-09-20', 1, 20, 1.0, 4),
(29, 36, '2011-09-20', 2, 16, 4.0, 4),
(30, 36, '2011-09-20', 2, 17, 3.0, 4),
(31, 36, '2011-09-21', 1, 18, 8.0, 4),
(32, 36, '2011-09-22', 2, 16, 2.0, 4),
(33, 36, '2011-09-22', 1, 18, 6.0, 4),
(34, 36, '2011-09-23', 1, NULL, 4.0, 4),
(35, 36, '2011-09-23', 1, 18, 4.0, 4),
(36, 36, '2011-09-11', 4, NULL, 8.0, 4),
(37, 36, '2011-09-12', 2, NULL, 6.0, 4),
(38, 36, '2011-09-12', 2, 16, 2.0, 4),
(39, 36, '2011-09-13', 1, 20, 1.0, 4),
(40, 36, '2011-09-13', 1, 19, 2.0, 4),
(41, 36, '2011-09-13', 2, NULL, 5.0, 4),
(42, 36, '2011-09-14', 4, NULL, 8.0, 4),
(43, 36, '2011-09-15', 1, NULL, 4.0, 4),
(44, 36, '2011-09-15', 1, 19, 4.0, 4),
(45, 36, '2011-09-16', 2, NULL, 8.0, 4),
(46, 36, '2011-09-05', 5, NULL, 8.0, 4),
(47, 36, '2011-09-06', 2, 16, 3.0, 4),
(48, 36, '2011-09-06', 1, 20, 1.0, 4),
(49, 36, '2011-09-06', 2, 19, 4.0, 4),
(50, 36, '2011-09-07', 4, NULL, 2.0, 4),
(51, 36, '2011-09-07', 1, 18, 6.0, 4),
(52, 36, '2011-09-08', 1, NULL, 2.0, 4),
(53, 36, '2011-09-08', 2, 17, 4.0, 4),
(54, 36, '2011-09-08', 1, 18, 2.0, 4),
(55, 36, '2011-09-09', 1, 18, 4.0, 4),
(56, 36, '2011-09-09', 2, 16, 4.0, 4),
(57, 36, '2011-08-29', 5, NULL, 8.0, 4),
(58, 36, '2011-08-30', 5, NULL, 8.0, 4),
(59, 36, '2011-08-31', 5, NULL, 8.0, 4),
(60, 36, '2011-09-01', 5, NULL, 8.0, 4),
(61, 36, '2011-09-02', 5, NULL, 8.0, 4),
(62, 497, '2011-10-03', 10, NULL, 3.5, 135),
(66, 615, '2011-10-11', 12, NULL, 8.0, 136),
(67, 395, '2011-10-03', 2, NULL, 8.0, 123),
(68, 395, '2011-10-03', 21, NULL, 4.0, 123),
(69, 395, '2011-10-04', 2, NULL, 8.0, 123),
(70, 395, '2011-10-04', 21, NULL, 4.0, 123),
(71, 395, '2011-10-05', 2, NULL, 8.0, 123),
(72, 395, '2011-10-05', 21, NULL, 4.0, 123),
(73, 395, '2011-10-06', 21, NULL, 8.0, 123),
(74, 395, '2011-10-06', 4, NULL, 8.0, 123),
(75, 395, '2011-10-07', 21, NULL, 2.0, 123),
(76, 395, '2011-10-07', 11, NULL, 2.0, 123),
(77, 395, '2011-10-07', 17, NULL, 4.0, 123),
(78, 626, '2011-10-11', 7, NULL, 12.0, 90),
(79, 622, '2011-10-03', 2, NULL, 8.0, 98),
(80, 622, '2011-10-04', 17, NULL, 8.0, 98),
(81, 622, '2011-10-04', 6, NULL, 0.5, 98),
(82, 622, '2011-10-05', 12, NULL, 6.5, 98),
(83, 622, '2011-10-06', 17, NULL, 5.0, 98),
(84, 622, '2011-10-07', 17, NULL, 3.0, 98),
(85, 622, '2011-10-07', 7, NULL, 3.0, 98),
(86, 115, '2011-08-29', 5, NULL, 12.0, 1),
(87, 115, '2011-08-30', 5, NULL, 12.0, 1),
(88, 115, '2011-08-31', 5, NULL, 12.0, 1),
(89, 115, '2011-09-01', 5, NULL, 12.0, 1),
(90, 115, '2011-09-02', 5, NULL, 12.0, 1),
(91, 115, '2011-09-05', 5, NULL, 4.0, 1),
(92, 115, '2011-09-05', 10, NULL, 4.0, 1),
(93, 115, '2011-09-06', 7, NULL, 8.0, 1),
(94, 115, '2011-09-07', 7, NULL, 8.0, 1),
(95, 115, '2011-09-08', 2, NULL, 8.0, 1),
(96, 115, '2011-09-09', 21, NULL, 4.0, 1),
(97, 115, '2011-09-09', 7, NULL, 4.0, 1),
(98, 115, '2011-09-12', 7, NULL, 8.0, 1),
(99, 115, '2011-09-13', 21, NULL, 4.0, 1),
(100, 115, '2011-09-13', 7, NULL, 4.0, 1),
(101, 115, '2011-09-14', 7, NULL, 4.0, 1),
(102, 115, '2011-09-14', 2, NULL, 4.0, 1),
(103, 115, '2011-09-15', 21, NULL, 4.0, 1),
(104, 115, '2011-09-15', 2, NULL, 4.0, 1),
(105, 115, '2011-09-16', 5, NULL, 8.0, 1),
(106, 115, '2011-09-19', 6, NULL, 4.0, 1),
(107, 115, '2011-09-19', 7, NULL, 4.0, 1),
(108, 115, '2011-09-20', 21, NULL, 2.0, 1),
(109, 115, '2011-09-20', 7, NULL, 6.0, 1),
(110, 115, '2011-09-21', 8, NULL, 8.0, 1),
(111, 115, '2011-09-22', 6, NULL, 6.0, 1),
(112, 115, '2011-09-22', 21, NULL, 2.0, 1),
(113, 115, '2011-09-23', 2, NULL, 2.0, 1),
(114, 115, '2011-09-23', 8, NULL, 6.0, 1),
(115, 115, '2011-09-26', 2, NULL, 8.0, 1),
(116, 115, '2011-09-27', 16, NULL, 8.0, 1),
(117, 115, '2011-09-28', 7, NULL, 8.0, 1),
(118, 115, '2011-09-29', 6, NULL, 8.0, 1),
(119, 115, '2011-09-30', 8, NULL, 7.0, 1),
(120, 115, '2011-09-30', 21, NULL, 1.0, 1),
(121, 115, '2011-10-03', 2, NULL, 8.0, 1),
(122, 115, '2011-10-04', 7, NULL, 8.0, 1),
(123, 115, '2011-10-05', 11, NULL, 8.0, 1),
(124, 115, '2011-10-06', 12, NULL, 8.0, 1),
(125, 115, '2011-10-07', 21, NULL, 4.0, 1),
(126, 115, '2011-10-07', 2, NULL, 4.0, 1),
(127, 366, '2011-10-13', 12, NULL, 8.0, 90),
(128, 366, '2011-10-13', 2, NULL, 1.0, 90),
(129, 366, '2011-10-04', 3, NULL, 7.0, 90),
(130, 366, '2011-10-04', 4, NULL, 2.0, 90),
(131, 366, '2011-10-05', 3, NULL, 7.5, 90),
(132, 366, '2011-10-05', 4, NULL, 2.0, 90),
(133, 366, '2011-10-06', 3, NULL, 7.0, 90),
(134, 366, '2011-10-06', 4, NULL, 2.5, 90),
(135, 366, '2011-10-07', 9, NULL, 3.0, 90),
(136, 366, '2011-10-07', 6, NULL, 4.5, 90),
(137, 366, '2011-10-07', 7, NULL, 2.0, 90),
(138, 68, '2011-10-03', 6, NULL, 4.0, 136),
(139, 68, '2011-10-03', 11, NULL, 4.0, 136),
(140, 68, '2011-10-04', 6, NULL, 4.0, 136),
(141, 68, '2011-10-04', 11, NULL, 4.0, 136),
(142, 68, '2011-10-05', 14, NULL, 4.0, 136),
(143, 68, '2011-10-05', 11, NULL, 4.0, 136),
(144, 68, '2011-10-06', 14, NULL, 5.0, 136),
(145, 68, '2011-10-06', 12, NULL, 3.0, 136),
(146, 68, '2011-10-07', 6, NULL, 4.0, 136),
(147, 68, '2011-10-07', 11, NULL, 4.0, 136),
(148, 595, '2011-10-10', 5, NULL, 8.0, 90),
(149, 595, '2011-10-11', 4, NULL, 7.0, 90),
(150, 595, '2011-10-11', 21, NULL, 7.0, 90),
(151, 595, '2011-10-12', 9, NULL, 0.5, 90),
(152, 595, '2011-10-12', 6, NULL, 4.0, 90),
(153, 595, '2011-10-12', 6, NULL, 0.5, 90),
(154, 595, '2011-10-12', 9, NULL, 5.0, 90),
(155, 595, '2011-10-13', 6, NULL, 2.5, 90),
(156, 595, '2011-10-13', 7, NULL, 2.5, 90),
(157, 595, '2011-10-13', 1, NULL, 0.5, 90),
(158, 595, '2011-10-14', 21, NULL, 0.5, 90),
(159, 595, '2011-10-14', 7, NULL, 8.0, 90),
(160, 159, '2011-10-10', 21, NULL, 3.0, 102),
(161, 159, '2011-10-10', 12, NULL, 3.5, 102),
(162, 159, '2011-10-10', 8, NULL, 1.5, 102),
(163, 159, '2011-10-11', 11, NULL, 4.0, 102),
(164, 159, '2011-10-11', 13, NULL, 4.0, 102),
(165, 159, '2011-10-12', 1, NULL, 1.5, 102),
(166, 159, '2011-10-12', 13, NULL, 3.5, 102),
(167, 159, '2011-10-12', 21, NULL, 3.0, 102),
(168, 159, '2011-10-13', 21, NULL, 1.5, 102),
(169, 159, '2011-10-13', 13, NULL, 3.0, 102),
(170, 159, '2011-10-13', 12, NULL, 4.0, 102),
(171, 159, '2011-10-14', 11, NULL, 2.0, 102),
(172, 159, '2011-10-14', 21, NULL, 2.0, 102),
(173, 159, '2011-10-14', 13, NULL, 6.0, 102),
(174, 115, '2011-10-10', 12, NULL, 8.0, 1),
(175, 115, '2011-10-11', 12, NULL, 3.0, 1),
(176, 115, '2011-10-11', 2, NULL, 5.0, 1),
(177, 115, '2011-10-12', 11, NULL, 8.0, 1),
(178, 115, '2011-10-13', 21, NULL, 1.0, 1),
(179, 115, '2011-10-13', 12, NULL, 7.0, 1),
(180, 115, '2011-10-14', 2, NULL, 8.0, 1),
(190, 714, '2011-10-07', 7, 25, 4.0, 135),
(191, 714, '2011-10-15', 1, NULL, 4.0, 135),
(192, 714, '2011-10-15', 2, NULL, 3.0, 135),
(193, 714, '2011-10-15', 7, 25, 5.0, 135),
(194, 714, '2011-10-16', 7, NULL, 4.0, 135),
(195, 714, '2011-10-16', 12, NULL, 4.0, 135),
(197, 622, '2011-10-10', 22, NULL, 6.0, 90),
(198, 622, '2011-10-10', 23, NULL, 2.0, 90),
(199, 622, '2011-10-11', 21, NULL, 8.0, 90),
(200, 622, '2011-10-12', 17, NULL, 2.0, 90),
(201, 622, '2011-10-12', 23, NULL, 2.0, 90),
(202, 622, '2011-10-13', 22, NULL, 9.0, 90),
(203, 622, '2011-10-13', 8, NULL, 1.0, 90),
(204, 622, '2011-10-14', 23, NULL, 2.0, 90),
(205, 622, '2011-10-14', 16, NULL, 3.0, 90),
(206, 622, '2011-10-14', 23, NULL, 3.0, 90),
(207, 718, '2011-10-10', 14, NULL, 8.0, 40),
(208, 718, '2011-10-10', 11, NULL, 5.0, 40),
(209, 718, '2011-10-11', 11, NULL, 9.0, 40),
(210, 718, '2011-10-12', 11, NULL, 9.0, 40),
(211, 718, '2011-10-13', 13, NULL, 9.0, 40),
(212, 718, '2011-10-14', 14, NULL, 8.0, 40),
(213, 718, '2011-10-14', 12, NULL, 6.0, 40),
(214, 718, '2011-10-03', 13, NULL, 9.0, 40),
(215, 718, '2011-10-04', 11, NULL, 9.0, 40),
(216, 718, '2011-10-05', 11, NULL, 9.0, 40),
(217, 718, '2011-10-06', 11, NULL, 9.0, 40),
(218, 718, '2011-10-07', 13, NULL, 9.0, 40),
(219, 718, '2011-09-26', 11, NULL, 9.0, 40),
(220, 718, '2011-09-27', 11, NULL, 9.0, 40),
(221, 718, '2011-09-28', 13, NULL, 9.0, 40),
(222, 718, '2011-09-29', 13, NULL, 9.0, 40),
(223, 718, '2011-09-30', 13, NULL, 9.0, 40),
(224, 17, '2011-10-19', 1, NULL, 1.0, 5),
(225, 17, '2011-10-19', 2, NULL, 2.0, 5),
(226, 17, '2011-10-19', 3, NULL, 3.0, 5),
(227, 17, '2011-10-19', 4, NULL, 4.0, 5),
(228, 626, '2011-10-11', 7, NULL, 10.0, 90),
(229, 626, '2011-10-12', 7, NULL, 12.0, 90),
(230, 626, '2011-10-13', 7, NULL, 10.0, 90),
(231, 626, '2011-10-14', 7, NULL, 8.0, 90),
(232, 626, '2011-10-17', 21, NULL, 2.0, 90),
(233, 626, '2011-10-17', 7, NULL, 4.0, 90),
(234, 626, '2011-10-17', 8, NULL, 2.0, 90),
(235, 68, '2011-10-10', 12, NULL, 8.0, 136),
(236, 68, '2011-10-11', 6, NULL, 2.0, 136),
(237, 68, '2011-10-11', 12, NULL, 3.0, 136),
(238, 68, '2011-10-11', 3, NULL, 3.0, 136),
(239, 68, '2011-10-12', 12, NULL, 4.5, 136),
(240, 68, '2011-10-12', 7, NULL, 5.5, 136),
(241, 68, '2011-10-13', 1, NULL, 2.0, 136),
(242, 68, '2011-10-13', 21, NULL, 2.0, 136),
(243, 68, '2011-10-13', 11, NULL, 3.5, 136),
(244, 68, '2011-10-14', 12, NULL, 4.0, 136),
(245, 68, '2011-10-14', 7, NULL, 4.0, 136),
(246, 519, '2011-10-10', 16, NULL, 4.0, 98),
(247, 519, '2011-10-10', 20, NULL, 3.0, 98),
(248, 519, '2011-10-10', 23, NULL, 4.0, 98),
(249, 519, '2011-10-11', 23, NULL, 1.5, 98),
(250, 519, '2011-10-11', 22, NULL, 8.0, 98),
(251, 519, '2011-10-11', 20, NULL, 1.0, 98),
(252, 519, '2011-10-12', 23, NULL, 4.0, 98),
(253, 519, '2011-10-12', 20, NULL, 2.0, 98),
(254, 519, '2011-10-13', 22, NULL, 8.0, 98),
(255, 519, '2011-10-13', 20, NULL, 2.0, 98),
(256, 519, '2011-10-13', 23, NULL, 2.0, 98),
(257, 519, '2011-10-14', 22, NULL, 4.0, 98),
(258, 519, '2011-10-14', 16, NULL, 2.0, 98),
(259, 519, '2011-10-14', 8, NULL, 4.0, 98),
(260, 595, '2011-10-17', 9, NULL, 5.5, 90),
(261, 595, '2011-10-17', 6, NULL, 6.0, 90),
(262, 595, '2011-10-18', 8, NULL, 6.0, 90),
(263, 595, '2011-10-18', 2, NULL, 1.0, 90),
(264, 595, '2011-10-19', 7, NULL, 4.0, 90),
(265, 595, '2011-10-19', 6, NULL, 1.0, 90),
(266, 595, '2011-10-19', 2, NULL, 1.5, 90),
(267, 595, '2011-10-20', 7, NULL, 6.0, 90),
(268, 595, '2011-10-20', 2, NULL, 0.5, 90),
(269, 595, '2011-10-20', 6, NULL, 0.5, 90),
(270, 595, '2011-10-21', 1, NULL, 0.5, 90),
(271, 595, '2011-10-21', 7, NULL, 6.0, 90),
(272, 36, '2011-10-10', 2, 17, 6.0, 4),
(273, 36, '2011-10-10', 2, 16, 1.0, 4),
(274, 36, '2011-10-10', 1, NULL, 1.0, 4),
(275, 36, '2011-10-11', 2, 17, 7.0, 4),
(276, 36, '2011-10-11', 1, 20, 1.0, 4),
(277, 36, '2011-10-12', 4, NULL, 8.0, 4),
(278, 36, '2011-10-13', 1, 18, 10.0, 4),
(279, 36, '2011-10-14', 1, 18, 8.0, 4),
(280, 521, '2011-10-03', 21, NULL, 7.5, 135),
(281, 521, '2011-10-04', 7, NULL, 4.0, 135),
(282, 521, '2011-10-04', 23, NULL, 4.0, 135),
(283, 521, '2011-10-05', 23, NULL, 4.0, 135),
(284, 521, '2011-10-05', 7, NULL, 4.0, 135),
(285, 521, '2011-10-06', 23, NULL, 4.0, 135),
(286, 521, '2011-10-06', 7, NULL, 4.0, 135),
(287, 521, '2011-10-07', 22, NULL, 7.5, 135),
(288, 521, '2011-10-10', 23, NULL, 8.0, 135),
(289, 521, '2011-10-11', 21, NULL, 8.0, 135),
(290, 521, '2011-10-12', 21, NULL, 8.0, 135),
(291, 521, '2011-10-13', 22, NULL, 8.0, 135),
(292, 521, '2011-10-14', 22, NULL, 4.0, 135),
(293, 521, '2011-10-14', 7, NULL, 4.0, 135),
(294, 521, '2011-10-17', 23, NULL, 7.5, 135),
(295, 521, '2011-10-18', 9, NULL, 1.5, 135),
(296, 521, '2011-10-18', 6, NULL, 6.0, 135),
(297, 521, '2011-10-18', 9, NULL, 1.5, 135),
(298, 521, '2011-10-19', 7, NULL, 4.0, 135),
(299, 521, '2011-10-19', 17, NULL, 4.0, 135),
(300, 521, '2011-10-20', 23, NULL, 4.0, 135),
(301, 521, '2011-10-20', 7, NULL, 4.0, 135),
(302, 521, '2011-10-21', 23, NULL, 9.0, 135),
(303, 395, '2011-10-10', 21, NULL, 5.0, 123),
(304, 395, '2011-10-10', 12, NULL, 2.5, 123),
(305, 395, '2011-10-10', 11, NULL, 2.5, 123),
(306, 395, '2011-10-11', 21, NULL, 4.0, 123),
(307, 395, '2011-10-11', 15, NULL, 2.5, 123),
(308, 395, '2011-10-11', 12, NULL, 2.5, 123),
(309, 395, '2011-10-12', 21, NULL, 4.0, 123),
(310, 395, '2011-10-12', 11, NULL, 5.0, 123),
(311, 395, '2011-10-13', 21, NULL, 2.0, 123),
(312, 395, '2011-10-13', 11, NULL, 6.0, 123),
(313, 395, '2011-10-14', 11, NULL, 8.0, 123),
(314, 714, '2011-10-07', 1, NULL, 2.0, 135),
(315, 714, '2011-10-09', 9, NULL, 4.0, 135),
(316, 714, '2011-10-08', 5, NULL, 4.0, 135),
(317, 714, '2011-10-09', 7, NULL, 4.0, 135),
(318, 714, '2011-10-07', 10, NULL, 4.0, 135),
(319, 714, '2011-10-08', 7, NULL, 6.0, 135),
(320, 115, '2011-10-17', 2, NULL, 8.0, 1),
(321, 115, '2011-10-18', 12, NULL, 8.0, 1),
(322, 115, '2011-10-19', 12, NULL, 8.0, 1),
(323, 115, '2011-10-20', 12, NULL, 8.0, 1),
(324, 115, '2011-10-21', 10, NULL, 8.0, 1),
(325, 622, '2011-10-17', 21, NULL, 1.5, 90),
(326, 622, '2011-10-17', 7, NULL, 1.5, 90),
(327, 622, '2011-10-17', 17, NULL, 2.0, 90),
(328, 622, '2011-10-17', 6, 22, 1.0, 90),
(329, 622, '2011-10-18', 23, NULL, 3.0, 90),
(330, 622, '2011-10-18', 7, NULL, 2.0, 90),
(331, 622, '2011-10-19', 7, NULL, 1.5, 90),
(332, 622, '2011-10-19', 23, NULL, 2.0, 90),
(333, 622, '2011-10-20', 6, NULL, 1.0, 90),
(334, 622, '2011-10-20', 24, NULL, 3.0, 90),
(335, 622, '2011-10-20', 7, NULL, 1.0, 90),
(336, 622, '2011-10-21', 24, NULL, 2.0, 90),
(337, 622, '2011-10-21', 6, 22, 1.0, 90),
(338, 623, '2011-10-24', 7, NULL, 5.0, 90),
(339, 623, '2011-10-24', 10, NULL, 2.0, 90),
(340, 623, '2011-10-24', 8, NULL, 2.0, 90),
(341, 623, '2011-10-17', 5, NULL, 8.0, 90),
(342, 623, '2011-10-18', 2, NULL, 8.0, 90),
(343, 623, '2011-10-19', 2, NULL, 8.0, 90),
(344, 623, '2011-10-20', 2, NULL, 8.0, 90),
(345, 623, '2011-10-21', 7, NULL, 5.0, 90),
(346, 623, '2011-10-21', 10, NULL, 3.0, 90),
(347, 519, '2011-10-17', 6, NULL, 4.0, 98),
(348, 519, '2011-10-17', 23, NULL, 4.0, 98),
(349, 519, '2011-10-17', 20, NULL, 1.5, 98),
(350, 519, '2011-10-18', 23, NULL, 4.0, 98),
(351, 519, '2011-10-18', 22, NULL, 1.5, 98),
(352, 519, '2011-10-18', 7, NULL, 3.0, 98),
(353, 519, '2011-10-19', 16, NULL, 8.0, 98),
(354, 519, '2011-10-20', 16, NULL, 8.0, 98),
(355, 519, '2011-10-21', 7, NULL, 8.0, 98),
(356, 159, '2011-10-17', 13, NULL, 8.0, 136),
(357, 159, '2011-10-17', 5, NULL, 8.0, 136),
(358, 159, '2011-10-18', 5, NULL, 8.0, 136),
(359, 159, '2011-10-19', 13, NULL, 8.0, 136),
(360, 159, '2011-10-20', 5, NULL, 8.0, 136),
(361, 159, '2011-10-21', 5, NULL, 8.0, 136),
(362, 718, '2011-10-17', 12, NULL, 10.0, 40),
(363, 718, '2011-10-18', 12, NULL, 10.0, 40),
(364, 718, '2011-10-19', 12, NULL, 10.0, 40),
(365, 718, '2011-10-20', 12, NULL, 10.0, 40),
(366, 718, '2011-10-21', 12, NULL, 10.0, 40),
(367, 500, '2011-10-25', 7, 23, 8.5, 90),
(368, 500, '2011-10-17', 21, NULL, 1.0, 90),
(369, 500, '2011-10-17', 2, NULL, 1.0, 90),
(370, 500, '2011-10-17', 6, NULL, 5.0, 90),
(371, 500, '2011-10-18', 6, NULL, 2.0, 90),
(372, 500, '2011-10-18', 6, NULL, 4.0, 90),
(373, 500, '2011-10-18', 7, NULL, 2.0, 90),
(374, 500, '2011-10-19', 7, NULL, 3.0, 90),
(375, 500, '2011-10-19', 2, NULL, 1.0, 90),
(376, 500, '2011-10-19', 6, NULL, 2.0, 90),
(377, 500, '2011-10-20', 8, NULL, 3.0, 90),
(378, 500, '2011-10-20', 7, NULL, 3.0, 90),
(379, 500, '2011-10-20', 7, NULL, 1.5, 90),
(380, 500, '2011-10-21', 21, NULL, 1.0, 90),
(381, 500, '2011-10-21', 8, NULL, 2.5, 90),
(382, 500, '2011-10-21', 7, NULL, 3.0, 90),
(383, 500, '2011-10-10', 5, NULL, 8.0, 90),
(384, 500, '2011-10-11', 5, NULL, 8.0, 90),
(385, 500, '2011-10-12', 21, NULL, 0.5, 90),
(386, 500, '2011-10-12', 10, NULL, 2.0, 90),
(387, 500, '2011-10-12', 7, NULL, 2.0, 90),
(388, 500, '2011-10-12', 6, NULL, 2.5, 90),
(389, 500, '2011-10-13', 8, NULL, 3.0, 90),
(390, 500, '2011-10-13', 6, NULL, 5.0, 90),
(391, 500, '2011-10-14', 21, NULL, 1.0, 90),
(392, 500, '2011-10-14', 2, NULL, 2.0, 90),
(393, 500, '2011-10-14', 7, NULL, 5.0, 90),
(394, 500, '2011-10-03', 2, NULL, 6.0, 90),
(395, 500, '2011-10-03', 7, NULL, 3.0, 90),
(396, 500, '2011-10-04', 8, NULL, 3.5, 90),
(397, 500, '2011-10-04', 6, NULL, 3.0, 90),
(398, 500, '2011-10-04', 7, NULL, 2.0, 90),
(399, 500, '2011-10-05', 5, NULL, 8.0, 90),
(400, 500, '2011-10-06', 5, NULL, 8.0, 90),
(401, 500, '2011-10-07', 5, NULL, 8.0, 90),
(402, 500, '2011-09-26', 21, NULL, 1.0, 90),
(403, 500, '2011-09-26', 7, NULL, 3.0, 90),
(404, 500, '2011-09-26', 10, NULL, 2.0, 90),
(405, 500, '2011-09-26', 8, NULL, 2.5, 90),
(406, 500, '2011-09-27', 9, NULL, 1.5, 90),
(407, 500, '2011-09-27', 6, NULL, 3.0, 90),
(408, 500, '2011-09-27', 7, NULL, 3.5, 90),
(409, 500, '2011-09-28', 8, NULL, 3.5, 90),
(410, 500, '2011-09-28', 7, NULL, 2.5, 90),
(411, 500, '2011-09-28', 6, NULL, 2.0, 90),
(412, 500, '2011-09-29', 9, NULL, 3.5, 90),
(413, 500, '2011-09-29', 6, NULL, 3.0, 90),
(414, 500, '2011-09-29', 9, NULL, 3.5, 90),
(415, 500, '2011-09-30', 21, NULL, 1.0, 90),
(416, 500, '2011-09-30', 2, NULL, 3.5, 90),
(417, 500, '2011-09-30', 7, NULL, 2.5, 90),
(418, 715, '2011-10-03', 1, NULL, 1.0, 90),
(419, 715, '2011-10-03', 21, NULL, 1.5, 90),
(420, 715, '2011-10-03', 7, NULL, 6.0, 90),
(421, 715, '2011-10-03', 1, NULL, 1.0, 90),
(422, 715, '2011-10-04', 7, NULL, 9.0, 90),
(423, 715, '2011-10-05', 9, NULL, 4.0, 90),
(424, 715, '2011-10-05', 6, NULL, 2.0, 90),
(425, 715, '2011-10-05', 23, NULL, 2.0, 90),
(426, 715, '2011-10-06', 9, NULL, 3.0, 90),
(427, 715, '2011-10-06', 9, NULL, 6.0, 90),
(428, 715, '2011-10-07', 21, NULL, 2.0, 90),
(429, 715, '2011-10-07', 7, NULL, 12.0, 90),
(430, 715, '2011-10-10', 7, NULL, 6.0, 90),
(431, 715, '2011-10-10', 23, NULL, 3.0, 90),
(432, 715, '2011-10-11', 9, NULL, 3.0, 90),
(433, 715, '2011-10-11', 6, NULL, 8.0, 90),
(434, 715, '2011-10-12', 9, NULL, 3.0, 90),
(435, 715, '2011-10-12', 6, NULL, 8.0, 90),
(436, 715, '2011-10-13', 9, NULL, 3.0, 90),
(437, 715, '2011-10-13', 6, NULL, 8.0, 90),
(438, 715, '2011-10-14', 9, NULL, 3.0, 90),
(439, 715, '2011-10-14', 6, NULL, 8.0, 90),
(440, 715, '2011-10-17', 6, NULL, 10.0, 90),
(441, 715, '2011-10-18', 6, NULL, 10.0, 90),
(442, 715, '2011-10-19', 6, NULL, 10.0, 90),
(443, 715, '2011-10-20', 6, NULL, 10.0, 90),
(444, 715, '2011-10-21', 6, NULL, 10.0, 90),
(445, 3, '2011-10-17', 21, NULL, 4.0, 80),
(446, 3, '2011-10-17', 22, NULL, 4.0, 80),
(447, 3, '2011-10-18', 21, NULL, 4.0, 80),
(448, 3, '2011-10-18', 3, NULL, 1.0, 80),
(449, 3, '2011-10-19', 1, NULL, 3.0, 80),
(450, 3, '2011-10-19', 21, NULL, 2.0, 80),
(451, 3, '2011-10-20', 10, NULL, 1.0, 80),
(452, 3, '2011-10-20', 21, NULL, 3.0, 80),
(453, 3, '2011-10-21', 21, NULL, 4.0, 80),
(454, 3, '2011-10-21', 6, NULL, 1.5, 80),
(455, 714, '2011-10-16', 4, NULL, 4.0, 135),
(456, 714, '2011-10-17', 8, NULL, 6.0, 135),
(457, 714, '2011-10-18', 7, 24, 5.0, 135),
(458, 36, '2011-10-17', 1, 18, 3.0, 4),
(459, 36, '2011-10-17', 1, 20, 4.0, 4),
(460, 36, '2011-10-17', 2, 16, 1.0, 4),
(461, 36, '2011-10-18', 1, 18, 8.0, 4),
(462, 36, '2011-10-19', 1, 18, 8.0, 4),
(463, 36, '2011-10-20', 1, 18, 8.0, 4),
(464, 36, '2011-10-21', 1, 18, 8.0, 4),
(465, 36, '2011-10-20', 2, 19, 1.0, 4),
(466, 36, '2011-10-18', 2, 17, 1.0, 4),
(467, 36, '2011-10-21', 1, NULL, 10.0, 4),
(468, 36, '2011-10-24', 2, 16, 3.0, 4),
(469, 36, '2011-10-24', 1, 18, 5.5, 4),
(471, 47, '2011-10-27', 7, NULL, 8.0, 1),
(472, 47, '2011-10-24', 7, NULL, 4.0, 1),
(473, 47, '2011-10-24', 7, NULL, 4.0, 1),
(474, 47, '2011-10-25', 6, NULL, 8.0, 1),
(475, 47, '2011-10-26', 12, NULL, 8.0, 1),
(476, 47, '2011-10-27', 12, NULL, 8.0, 1),
(477, 8, '2011-10-24', 1, NULL, 1.0, 1),
(478, 8, '2011-10-24', 12, NULL, 4.0, 1),
(479, 8, '2011-10-24', 8, NULL, 4.0, 1),
(480, 8, '2011-10-25', 1, NULL, 2.0, 1),
(481, 8, '2011-10-25', 8, NULL, 4.0, 1),
(482, 8, '2011-10-25', 13, NULL, 4.0, 1),
(483, 8, '2011-10-26', 1, NULL, 2.0, 1),
(484, 8, '2011-10-26', 21, NULL, 2.0, 1),
(485, 8, '2011-10-26', 8, NULL, 4.0, 1),
(486, 8, '2011-10-27', 1, NULL, 2.0, 1),
(487, 8, '2011-10-27', 23, NULL, 4.0, 1),
(488, 8, '2011-10-27', 7, NULL, 4.0, 1),
(489, 8, '2011-10-28', 1, NULL, 2.0, 1),
(490, 8, '2011-10-28', 7, NULL, 4.0, 1),
(491, 8, '2011-10-28', 23, NULL, 4.0, 1),
(492, 714, '2011-10-18', 6, NULL, 6.5, 135),
(493, 714, '2011-10-22', 7, 25, 12.0, 135),
(494, 36, '2011-10-16', 1, 18, 8.0, 4),
(495, 115, '2011-10-24', 21, NULL, 4.0, 1),
(496, 115, '2011-10-24', 2, NULL, 4.0, 1),
(497, 115, '2011-10-25', 21, NULL, 4.0, 1),
(498, 115, '2011-10-25', 2, NULL, 4.0, 1),
(499, 115, '2011-10-26', 2, NULL, 4.0, 1),
(500, 115, '2011-10-26', 21, NULL, 4.0, 1),
(501, 115, '2011-10-27', 2, NULL, 4.0, 1),
(502, 115, '2011-10-27', 21, NULL, 4.0, 1),
(503, 115, '2011-10-28', 21, NULL, 4.0, 1),
(504, 115, '2011-10-28', 2, NULL, 4.0, 1),
(508, 2, '2011-10-24', 7, NULL, 4.0, 1),
(509, 2, '2011-10-28', 7, NULL, 2.0, 1),
(510, 2, '2011-10-28', 8, NULL, 4.0, 1),
(511, 715, '2011-10-24', 6, NULL, 9.5, 90),
(512, 715, '2011-10-25', 6, NULL, 9.5, 90),
(513, 715, '2011-10-26', 6, NULL, 9.5, 90),
(514, 715, '2011-10-27', 6, NULL, 9.5, 90),
(515, 715, '2011-10-28', 6, NULL, 9.5, 90),
(516, 543, '2011-10-24', 21, NULL, 1.5, 135),
(517, 543, '2011-10-24', 1, 26, 6.5, 135),
(518, 543, '2011-10-25', 21, NULL, 1.0, 135),
(519, 543, '2011-10-25', 1, 26, 7.0, 135),
(520, 543, '2011-10-26', 6, NULL, 8.0, 135),
(521, 543, '2011-10-27', 6, NULL, 4.0, 135),
(522, 543, '2011-10-27', 7, NULL, 4.0, 135),
(523, 543, '2011-10-28', 7, NULL, 8.0, 135),
(524, 622, '2011-10-24', 18, NULL, 2.0, 90),
(525, 622, '2011-10-24', 18, NULL, 1.0, 90),
(526, 622, '2011-10-24', 17, NULL, 2.0, 90),
(527, 622, '2011-10-25', 7, NULL, 3.0, 90),
(528, 622, '2011-10-25', 23, NULL, 2.0, 90),
(529, 622, '2011-10-26', 23, NULL, 2.0, 90),
(530, 622, '2011-10-26', 24, NULL, 1.0, 90),
(531, 622, '2011-10-27', 23, NULL, 2.0, 90),
(532, 622, '2011-10-27', 24, NULL, 1.0, 90),
(533, 622, '2011-10-28', 22, NULL, 1.0, 90),
(534, 622, '2011-10-28', 7, NULL, 2.0, 90),
(535, 718, '2011-10-24', 12, NULL, 10.0, 40),
(536, 718, '2011-10-25', 12, NULL, 10.0, 40),
(537, 718, '2011-10-26', 12, NULL, 10.0, 40),
(538, 718, '2011-10-27', 12, NULL, 10.0, 40),
(539, 718, '2011-10-28', 12, NULL, 10.0, 40),
(540, 497, '2011-10-03', 21, NULL, 3.5, 135),
(541, 497, '2011-10-03', 7, NULL, 2.5, 135),
(543, 68, '2011-10-16', 22, NULL, 6.0, 136),
(544, 626, '2011-10-18', 2, NULL, 6.0, 90),
(545, 626, '2011-10-18', 7, NULL, 2.0, 90),
(546, 626, '2011-10-18', 7, NULL, 2.0, 90),
(547, 626, '2011-10-19', 7, NULL, 10.0, 90),
(548, 626, '2011-10-20', 7, NULL, 10.0, 90),
(549, 626, '2011-10-21', 9, NULL, 5.0, 90),
(550, 626, '2011-10-21', 6, NULL, 3.0, 90),
(551, 626, '2011-10-24', 5, NULL, 12.0, 90),
(552, 626, '2011-10-25', 5, NULL, 12.0, 90),
(553, 626, '2011-10-26', 5, NULL, 12.0, 90),
(554, 626, '2011-10-27', 5, NULL, 12.0, 90),
(555, 626, '2011-10-28', 5, NULL, 12.0, 90),
(556, 479, '2011-10-03', 1, NULL, 9.0, 122),
(557, 479, '2011-10-04', 1, NULL, 9.0, 122),
(558, 479, '2011-10-05', 1, NULL, 9.0, 122),
(559, 479, '2011-10-06', 1, NULL, 9.0, 122),
(560, 479, '2011-10-07', 1, NULL, 9.0, 122),
(561, 479, '2011-10-10', 11, NULL, 9.5, 122),
(562, 479, '2011-10-11', 11, NULL, 9.5, 122),
(563, 479, '2011-10-12', 11, NULL, 9.5, 122),
(564, 479, '2011-10-13', 6, NULL, 9.5, 122),
(565, 479, '2011-10-14', 6, NULL, 9.5, 122),
(566, 479, '2011-10-17', 16, NULL, 9.5, 122),
(567, 479, '2011-10-18', 14, NULL, 9.0, 122),
(568, 479, '2011-10-19', 13, NULL, 12.0, 122),
(569, 479, '2011-10-20', 12, NULL, 10.0, 122),
(570, 479, '2011-10-21', 10, NULL, 8.5, 122),
(571, 479, '2011-10-24', 13, NULL, 12.0, 122),
(572, 479, '2011-10-25', 8, NULL, 9.5, 122),
(573, 479, '2011-10-26', 9, NULL, 8.5, 122),
(574, 479, '2011-10-27', 6, NULL, 11.0, 122),
(575, 479, '2011-10-28', 9, NULL, 9.5, 122);

-- --------------------------------------------------------

--
-- Table structure for table `users`
--

CREATE TABLE `users` (
  `users_id` int(11) NOT NULL AUTO_INCREMENT,
  `userName` varchar(255) NOT NULL,
  `email` varchar(255) DEFAULT NULL,
  `firstName` varchar(255) DEFAULT NULL,
  `lastName` varchar(255) DEFAULT NULL,
  `password` char(32) NOT NULL DEFAULT '4c3ee0195f2444ad204ccd7d94cb6d16',
  `managers_id` int(11) DEFAULT '5' COMMENT 'The default value is the admin user''s managers_id of 5. This must remain. Also, NULL must be allowed because the admin user doesn''t report to anyone.',
  `hasProfile` tinyint(1) NOT NULL DEFAULT '0' COMMENT 'Has the user defined a profile yet?',
  `passwordChange` date DEFAULT NULL,
  PRIMARY KEY (`users_id`),
  UNIQUE KEY `userName` (`userName`),
  KEY `managers_id` (`managers_id`)
) ENGINE=InnoDB  DEFAULT CHARSET=latin1 AUTO_INCREMENT=719 ;

--
-- Dumping data for table `users`
--

INSERT INTO `users` (`users_id`, `userName`, `email`, `firstName`, `lastName`, `password`, `managers_id`, `hasProfile`, `passwordChange`) VALUES
(1, 'Demo1', 'user1@company.com', 'FirstName1', 'LastName1', '4c3ee0195f2444ad204ccd7d94cb6d16', 5, 0, '0000-00-00'),
(2, 'Demo2', 'user2@company.com', 'FirstName2', 'LastName2', '4c3ee0195f2444ad204ccd7d94cb6d16', 1, 1, '2011-10-30'),
(3, 'Demo3', 'user3@company.com', 'FirstName3', 'LastName3', '4c3ee0195f2444ad204ccd7d94cb6d16', 80, 1, '2011-10-10'),
(4, 'Demo4', 'user4@company.com', 'FirstName4', 'LastName4', '4c3ee0195f2444ad204ccd7d94cb6d16', 80, 0, '0000-00-00'),
(5, 'Demo5', 'user5@company.com', 'FirstName5', 'LastName5', '4c3ee0195f2444ad204ccd7d94cb6d16', 80, 0, '0000-00-00'),
(6, 'Demo6', 'user6@company.com', 'FirstName6', 'LastName6', '4c3ee0195f2444ad204ccd7d94cb6d16', 80, 0, '0000-00-00'),
(7, 'Demo7', 'user7@company.com', 'FirstName7', 'LastName7', '4c3ee0195f2444ad204ccd7d94cb6d16', 3, 0, '0000-00-00'),
(8, 'Demo8', 'user8@company.com', 'FirstName8', 'LastName8', '4c3ee0195f2444ad204ccd7d94cb6d16', 1, 1, '2011-10-28'),
(9, 'Demo9', 'user9@company.com', 'FirstName9', 'LastName9', '4c3ee0195f2444ad204ccd7d94cb6d16', 1, 1, '2011-10-13'),
(10, 'Demo10', 'user10@company.com', 'FirstName10', 'LastName10', '4c3ee0195f2444ad204ccd7d94cb6d16', 2, 0, '0000-00-00'),
(11, 'Demo11', 'user11@company.com', 'FirstName11', 'LastName11', '4c3ee0195f2444ad204ccd7d94cb6d16', 2, 0, '0000-00-00'),
(12, 'Demo12', 'user12@company.com', 'FirstName12', 'LastName12', '4c3ee0195f2444ad204ccd7d94cb6d16', 2, 0, '0000-00-00'),
(13, 'Demo13', 'user13@company.com', 'FirstName13', 'LastName13', '4c3ee0195f2444ad204ccd7d94cb6d16', 2, 0, '0000-00-00'),
(14, 'Demo14', 'user14@company.com', 'FirstName14', 'LastName14', '4c3ee0195f2444ad204ccd7d94cb6d16', 2, 0, '0000-00-00'),
(15, 'Demo15', 'user15@company.com', 'FirstName15', 'LastName15', '4c3ee0195f2444ad204ccd7d94cb6d16', 2, 0, '0000-00-00'),
(16, 'Demo16', 'user16@company.com', 'FirstName16', 'LastName16', '4c3ee0195f2444ad204ccd7d94cb6d16', 4, 0, '0000-00-00'),
(17, 'BigBoss17', 'user17@company.com', 'FirstName17', 'LastName17', '4c3ee0195f2444ad204ccd7d94cb6d16', 5, 1, '2011-10-09'),
(18, 'admin', 'admin@company.com', 'Admin', 'User', '4c3ee0195f2444ad204ccd7d94cb6d16', 0, 1, '2011-10-13'),
(19, 'Demo19', 'user19@company.com', 'FirstName19', 'LastName19', '4c3ee0195f2444ad204ccd7d94cb6d16', 8, 0, '0000-00-00'),
(20, 'Demo20', 'user20@company.com', 'FirstName20', 'LastName20', '4c3ee0195f2444ad204ccd7d94cb6d16', 6, 0, '0000-00-00'),
(21, 'Demo21', 'user21@company.com', 'FirstName21', 'LastName21', '4c3ee0195f2444ad204ccd7d94cb6d16', 8, 0, '0000-00-00'),
(22, 'Demo22', 'user22@company.com', 'FirstName22', 'LastName22', '4c3ee0195f2444ad204ccd7d94cb6d16', 7, 0, '0000-00-00'),
(23, 'Demo23', 'user23@company.com', 'FirstName23', 'LastName23', '4c3ee0195f2444ad204ccd7d94cb6d16', 7, 0, '0000-00-00'),
(24, 'Demo24', 'user24@company.com', 'FirstName24', 'LastName24', '4c3ee0195f2444ad204ccd7d94cb6d16', 10, 0, '0000-00-00'),
(25, 'Demo25', 'user25@company.com', 'FirstName25', 'LastName25', '4c3ee0195f2444ad204ccd7d94cb6d16', 11, 0, '0000-00-00'),
(26, 'Demo26', 'user26@company.com', 'FirstName26', 'LastName26', '4c3ee0195f2444ad204ccd7d94cb6d16', 11, 0, '0000-00-00'),
(27, 'Demo27', 'user27@company.com', 'FirstName27', 'LastName27', '4c3ee0195f2444ad204ccd7d94cb6d16', 12, 0, '0000-00-00'),
(28, 'Demo28', 'user28@company.com', 'FirstName28', 'LastName28', '4c3ee0195f2444ad204ccd7d94cb6d16', 9, 0, '0000-00-00'),
(29, 'Demo29', 'user29@company.com', 'FirstName29', 'LastName29', '4c3ee0195f2444ad204ccd7d94cb6d16', 12, 0, '0000-00-00'),
(30, 'Demo30', 'user30@company.com', 'FirstName30', 'LastName30', '4c3ee0195f2444ad204ccd7d94cb6d16', 9, 0, '0000-00-00'),
(31, 'Demo31', 'user31@company.com', 'FirstName31', 'LastName31', '4c3ee0195f2444ad204ccd7d94cb6d16', 9, 0, '0000-00-00'),
(32, 'Demo32', 'user32@company.com', 'FirstName32', 'LastName32', '4c3ee0195f2444ad204ccd7d94cb6d16', 130, 0, '0000-00-00'),
(33, 'Demo33', 'user33@company.com', 'FirstName33', 'LastName33', '4c3ee0195f2444ad204ccd7d94cb6d16', 10, 0, '0000-00-00'),
(34, 'Demo34', 'user34@company.com', 'FirstName34', 'LastName34', '4c3ee0195f2444ad204ccd7d94cb6d16', 10, 0, '0000-00-00'),
(35, 'Demo35', 'user35@company.com', 'FirstName35', 'LastName35', '4c3ee0195f2444ad204ccd7d94cb6d16', 10, 0, '0000-00-00'),
(36, 'Demo36', 'user36@company.com', 'FirstName36', 'LastName36', '4c3ee0195f2444ad204ccd7d94cb6d16', 4, 1, '2011-10-07'),
(37, 'Demo37', 'user37@company.com', 'FirstName37', 'LastName37', '4c3ee0195f2444ad204ccd7d94cb6d16', 80, 0, '0000-00-00'),
(38, 'Demo38', 'user38@company.com', 'FirstName38', 'LastName38', '4c3ee0195f2444ad204ccd7d94cb6d16', 80, 0, '0000-00-00'),
(39, 'Demo39', 'user39@company.com', 'FirstName39', 'LastName39', '4c3ee0195f2444ad204ccd7d94cb6d16', 80, 0, '0000-00-00'),
(40, 'Demo40', 'user40@company.com', 'FirstName40', 'LastName40', '4c3ee0195f2444ad204ccd7d94cb6d16', 80, 0, '0000-00-00'),
(41, 'Demo41', 'user41@company.com', 'FirstName41', 'LastName41', '4c3ee0195f2444ad204ccd7d94cb6d16', 80, 0, '0000-00-00'),
(42, 'Demo42', 'user42@company.com', 'FirstName42', 'LastName42', '4c3ee0195f2444ad204ccd7d94cb6d16', 13, 0, '0000-00-00'),
(43, 'Demo43', 'user43@company.com', 'FirstName43', 'LastName43', '4c3ee0195f2444ad204ccd7d94cb6d16', 80, 0, '0000-00-00'),
(44, 'Demo44', 'user44@company.com', 'FirstName44', 'LastName44', '4c3ee0195f2444ad204ccd7d94cb6d16', 14, 0, '0000-00-00'),
(45, 'Demo45', 'user45@company.com', 'FirstName45', 'LastName45', '4c3ee0195f2444ad204ccd7d94cb6d16', 8, 0, '0000-00-00'),
(46, 'Demo46', 'user46@company.com', 'FirstName46', 'LastName46', '4c3ee0195f2444ad204ccd7d94cb6d16', 12, 0, '0000-00-00'),
(47, 'Demo47', 'user47@company.com', 'FirstName47', 'LastName47', '4c3ee0195f2444ad204ccd7d94cb6d16', 1, 1, '2011-10-27'),
(48, 'Demo48', 'user48@company.com', 'FirstName48', 'LastName48', '4c3ee0195f2444ad204ccd7d94cb6d16', 10, 0, '0000-00-00'),
(49, 'Demo49', 'user49@company.com', 'FirstName49', 'LastName49', '4c3ee0195f2444ad204ccd7d94cb6d16', 8, 0, '0000-00-00'),
(50, 'Demo50', 'user50@company.com', 'FirstName50', 'LastName50', '4c3ee0195f2444ad204ccd7d94cb6d16', 8, 0, '0000-00-00'),
(51, 'Demo51', 'user51@company.com', 'FirstName51', 'LastName51', '4c3ee0195f2444ad204ccd7d94cb6d16', 134, 0, '0000-00-00'),
(52, 'Demo52', 'user52@company.com', 'FirstName52', 'LastName52', '4c3ee0195f2444ad204ccd7d94cb6d16', 48, 0, '0000-00-00'),
(53, 'Demo53', 'user53@company.com', 'FirstName53', 'LastName53', '4c3ee0195f2444ad204ccd7d94cb6d16', 88, 0, '0000-00-00'),
(54, 'Demo54', 'user54@company.com', 'FirstName54', 'LastName54', '4c3ee0195f2444ad204ccd7d94cb6d16', 14, 0, '0000-00-00'),
(55, 'Demo55', 'user55@company.com', 'FirstName55', 'LastName55', '4c3ee0195f2444ad204ccd7d94cb6d16', 40, 0, '0000-00-00'),
(56, 'Demo56', 'user56@company.com', 'FirstName56', 'LastName56', '4c3ee0195f2444ad204ccd7d94cb6d16', 88, 0, '0000-00-00'),
(57, 'Demo57', 'user57@company.com', 'FirstName57', 'LastName57', '4c3ee0195f2444ad204ccd7d94cb6d16', 14, 0, '0000-00-00'),
(58, 'Demo58', 'user58@company.com', 'FirstName58', 'LastName58', '4c3ee0195f2444ad204ccd7d94cb6d16', 13, 0, '0000-00-00'),
(59, 'Demo59', 'user59@company.com', 'FirstName59', 'LastName59', '4c3ee0195f2444ad204ccd7d94cb6d16', 16, 0, '0000-00-00'),
(60, 'Demo60', 'user60@company.com', 'FirstName60', 'LastName60', '4c3ee0195f2444ad204ccd7d94cb6d16', 23, 0, '0000-00-00'),
(61, 'Demo61', 'user61@company.com', 'FirstName61', 'LastName61', '4c3ee0195f2444ad204ccd7d94cb6d16', 16, 0, '0000-00-00'),
(62, 'Demo62', 'user62@company.com', 'FirstName62', 'LastName62', '4c3ee0195f2444ad204ccd7d94cb6d16', 16, 0, '0000-00-00'),
(63, 'Demo63', 'user63@company.com', 'FirstName63', 'LastName63', '4c3ee0195f2444ad204ccd7d94cb6d16', 29, 0, '0000-00-00'),
(64, 'Demo64', 'user64@company.com', 'FirstName64', 'LastName64', '4c3ee0195f2444ad204ccd7d94cb6d16', 19, 0, '0000-00-00'),
(65, 'Demo65', 'user65@company.com', 'FirstName65', 'LastName65', '4c3ee0195f2444ad204ccd7d94cb6d16', 19, 0, '0000-00-00'),
(66, 'Demo66', 'user66@company.com', 'FirstName66', 'LastName66', '4c3ee0195f2444ad204ccd7d94cb6d16', 30, 0, '0000-00-00'),
(67, 'Demo67', 'user67@company.com', 'FirstName67', 'LastName67', '4c3ee0195f2444ad204ccd7d94cb6d16', 116, 0, '0000-00-00'),
(68, 'Demo68', 'user68@company.com', 'FirstName68', 'LastName68', '4c3ee0195f2444ad204ccd7d94cb6d16', 136, 1, '2011-10-20'),
(69, 'Demo69', 'user69@company.com', 'FirstName69', 'LastName69', '4c3ee0195f2444ad204ccd7d94cb6d16', 16, 0, '0000-00-00'),
(70, 'Demo70', 'user70@company.com', 'FirstName70', 'LastName70', '4c3ee0195f2444ad204ccd7d94cb6d16', 88, 0, '0000-00-00'),
(71, 'Demo71', 'user71@company.com', 'FirstName71', 'LastName71', '4c3ee0195f2444ad204ccd7d94cb6d16', 63, 0, '0000-00-00'),
(72, 'Demo72', 'user72@company.com', 'FirstName72', 'LastName72', '4c3ee0195f2444ad204ccd7d94cb6d16', 19, 0, '0000-00-00'),
(73, 'Demo73', 'user73@company.com', 'FirstName73', 'LastName73', '4c3ee0195f2444ad204ccd7d94cb6d16', 13, 0, '0000-00-00'),
(74, 'Demo74', 'user74@company.com', 'FirstName74', 'LastName74', '4c3ee0195f2444ad204ccd7d94cb6d16', 88, 0, '0000-00-00'),
(75, 'Demo75', 'user75@company.com', 'FirstName75', 'LastName75', '4c3ee0195f2444ad204ccd7d94cb6d16', 15, 0, '0000-00-00'),
(76, 'Demo76', 'user76@company.com', 'FirstName76', 'LastName76', '4c3ee0195f2444ad204ccd7d94cb6d16', 101, 0, '0000-00-00'),
(77, 'Demo77', 'user77@company.com', 'FirstName77', 'LastName77', '4c3ee0195f2444ad204ccd7d94cb6d16', 118, 0, '0000-00-00'),
(78, 'Demo78', 'user78@company.com', 'FirstName78', 'LastName78', '4c3ee0195f2444ad204ccd7d94cb6d16', 102, 0, '0000-00-00'),
(79, 'Demo79', 'user79@company.com', 'FirstName79', 'LastName79', '4c3ee0195f2444ad204ccd7d94cb6d16', 50, 0, '0000-00-00'),
(80, 'Demo80', 'user80@company.com', 'FirstName80', 'LastName80', '4c3ee0195f2444ad204ccd7d94cb6d16', 58, 0, '0000-00-00'),
(81, 'Demo81', 'user81@company.com', 'FirstName81', 'LastName81', '4c3ee0195f2444ad204ccd7d94cb6d16', 104, 0, '0000-00-00'),
(82, 'Demo82', 'user82@company.com', 'FirstName82', 'LastName82', '4c3ee0195f2444ad204ccd7d94cb6d16', 57, 0, '0000-00-00'),
(83, 'Demo83', 'user83@company.com', 'FirstName83', 'LastName83', '4c3ee0195f2444ad204ccd7d94cb6d16', 73, 0, '0000-00-00'),
(84, 'Demo84', 'user84@company.com', 'FirstName84', 'LastName84', '4c3ee0195f2444ad204ccd7d94cb6d16', 50, 0, '0000-00-00'),
(85, 'Demo85', 'user85@company.com', 'FirstName85', 'LastName85', '4c3ee0195f2444ad204ccd7d94cb6d16', 12, 0, '0000-00-00'),
(86, 'Demo86', 'user86@company.com', 'FirstName86', 'LastName86', '4c3ee0195f2444ad204ccd7d94cb6d16', 70, 0, '0000-00-00'),
(87, 'Demo87', 'user87@company.com', 'FirstName87', 'LastName87', '4c3ee0195f2444ad204ccd7d94cb6d16', 13, 0, '0000-00-00'),
(88, 'Demo88', 'user88@company.com', 'FirstName88', 'LastName88', '4c3ee0195f2444ad204ccd7d94cb6d16', 22, 0, '0000-00-00'),
(89, 'Demo89', 'user89@company.com', 'FirstName89', 'LastName89', '4c3ee0195f2444ad204ccd7d94cb6d16', 22, 0, '0000-00-00'),
(90, 'Demo90', 'user90@company.com', 'FirstName90', 'LastName90', '4c3ee0195f2444ad204ccd7d94cb6d16', 50, 0, '0000-00-00'),
(91, 'Demo91', 'user91@company.com', 'FirstName91', 'LastName91', '4c3ee0195f2444ad204ccd7d94cb6d16', 124, 0, '0000-00-00'),
(92, 'Demo92', 'user92@company.com', 'FirstName92', 'LastName92', '4c3ee0195f2444ad204ccd7d94cb6d16', 73, 0, '0000-00-00'),
(93, 'Demo93', 'user93@company.com', 'FirstName93', 'LastName93', '4c3ee0195f2444ad204ccd7d94cb6d16', 100, 0, '0000-00-00'),
(94, 'Demo94', 'user94@company.com', 'FirstName94', 'LastName94', '4c3ee0195f2444ad204ccd7d94cb6d16', 10, 0, '0000-00-00'),
(95, 'Demo95', 'user95@company.com', 'FirstName95', 'LastName95', '4c3ee0195f2444ad204ccd7d94cb6d16', 19, 0, '0000-00-00'),
(96, 'Demo96', 'user96@company.com', 'FirstName96', 'LastName96', '4c3ee0195f2444ad204ccd7d94cb6d16', 22, 0, '0000-00-00'),
(97, 'Demo97', 'user97@company.com', 'FirstName97', 'LastName97', '4c3ee0195f2444ad204ccd7d94cb6d16', 8, 0, '0000-00-00'),
(98, 'Demo98', 'user98@company.com', 'FirstName98', 'LastName98', '4c3ee0195f2444ad204ccd7d94cb6d16', 8, 0, '0000-00-00'),
(99, 'Demo99', 'user99@company.com', 'FirstName99', 'LastName99', '4c3ee0195f2444ad204ccd7d94cb6d16', 22, 0, '0000-00-00'),
(100, 'Demo100', 'user100@company.com', 'FirstName100', 'LastName100', '4c3ee0195f2444ad204ccd7d94cb6d16', 13, 0, '0000-00-00'),
(101, 'Demo101', 'user101@company.com', 'FirstName101', 'LastName101', '4c3ee0195f2444ad204ccd7d94cb6d16', 73, 0, '0000-00-00'),
(102, 'Demo102', 'user102@company.com', 'FirstName102', 'LastName102', '4c3ee0195f2444ad204ccd7d94cb6d16', 57, 0, '0000-00-00'),
(103, 'Demo103', 'user103@company.com', 'FirstName103', 'LastName103', '4c3ee0195f2444ad204ccd7d94cb6d16', 100, 0, '0000-00-00'),
(104, 'Demo104', 'user104@company.com', 'FirstName104', 'LastName104', '4c3ee0195f2444ad204ccd7d94cb6d16', 73, 0, '0000-00-00'),
(105, 'Demo105', 'user105@company.com', 'FirstName105', 'LastName105', '4c3ee0195f2444ad204ccd7d94cb6d16', 73, 0, '0000-00-00'),
(106, 'Demo106', 'user106@company.com', 'FirstName106', 'LastName106', '4c3ee0195f2444ad204ccd7d94cb6d16', 15, 0, '0000-00-00'),
(107, 'Demo107', 'user107@company.com', 'FirstName107', 'LastName107', '4c3ee0195f2444ad204ccd7d94cb6d16', 15, 0, '0000-00-00'),
(108, 'Demo108', 'user108@company.com', 'FirstName108', 'LastName108', '4c3ee0195f2444ad204ccd7d94cb6d16', 127, 0, '0000-00-00'),
(109, 'Demo109', 'user109@company.com', 'FirstName109', 'LastName109', '4c3ee0195f2444ad204ccd7d94cb6d16', 71, 0, '0000-00-00'),
(110, 'Demo110', 'user110@company.com', 'FirstName110', 'LastName110', '4c3ee0195f2444ad204ccd7d94cb6d16', 40, 0, '0000-00-00'),
(111, 'Demo111', 'user111@company.com', 'FirstName111', 'LastName111', '4c3ee0195f2444ad204ccd7d94cb6d16', 118, 0, '0000-00-00'),
(112, 'Demo112', 'user112@company.com', 'FirstName112', 'LastName112', '4c3ee0195f2444ad204ccd7d94cb6d16', 62, 0, '0000-00-00'),
(113, 'Demo113', 'user113@company.com', 'FirstName113', 'LastName113', '4c3ee0195f2444ad204ccd7d94cb6d16', 69, 0, '0000-00-00'),
(114, 'Demo114', 'user114@company.com', 'FirstName114', 'LastName114', '4c3ee0195f2444ad204ccd7d94cb6d16', 15, 0, '0000-00-00'),
(115, 'Demo115', 'user115@company.com', 'FirstName115', 'LastName115', '4c3ee0195f2444ad204ccd7d94cb6d16', 1, 1, '2011-10-12'),
(116, 'Demo116', 'user116@company.com', 'FirstName116', 'LastName116', '4c3ee0195f2444ad204ccd7d94cb6d16', 50, 0, '0000-00-00'),
(117, 'Demo117', 'user117@company.com', 'FirstName117', 'LastName117', '4c3ee0195f2444ad204ccd7d94cb6d16', 33, 0, '0000-00-00'),
(118, 'Demo118', 'user118@company.com', 'FirstName118', 'LastName118', '4c3ee0195f2444ad204ccd7d94cb6d16', 62, 0, '0000-00-00'),
(119, 'Demo119', 'user119@company.com', 'FirstName119', 'LastName119', '4c3ee0195f2444ad204ccd7d94cb6d16', 121, 0, '0000-00-00'),
(120, 'Demo120', 'user120@company.com', 'FirstName120', 'LastName120', '4c3ee0195f2444ad204ccd7d94cb6d16', 10, 0, '0000-00-00'),
(121, 'Demo121', 'user121@company.com', 'FirstName121', 'LastName121', '4c3ee0195f2444ad204ccd7d94cb6d16', 33, 0, '0000-00-00'),
(122, 'Demo122', 'user122@company.com', 'FirstName122', 'LastName122', '4c3ee0195f2444ad204ccd7d94cb6d16', 32, 0, '0000-00-00'),
(123, 'Demo123', 'user123@company.com', 'FirstName123', 'LastName123', '4c3ee0195f2444ad204ccd7d94cb6d16', 88, 0, '0000-00-00'),
(124, 'Demo124', 'user124@company.com', 'FirstName124', 'LastName124', '4c3ee0195f2444ad204ccd7d94cb6d16', 88, 0, '0000-00-00'),
(125, 'Demo125', 'user125@company.com', 'FirstName125', 'LastName125', '4c3ee0195f2444ad204ccd7d94cb6d16', 24, 0, '0000-00-00'),
(126, 'Demo126', 'user126@company.com', 'FirstName126', 'LastName126', '4c3ee0195f2444ad204ccd7d94cb6d16', 42, 0, '0000-00-00'),
(127, 'Demo127', 'user127@company.com', 'FirstName127', 'LastName127', '4c3ee0195f2444ad204ccd7d94cb6d16', 61, 0, '0000-00-00'),
(128, 'Demo128', 'user128@company.com', 'FirstName128', 'LastName128', '4c3ee0195f2444ad204ccd7d94cb6d16', 42, 0, '0000-00-00'),
(129, 'Demo129', 'user129@company.com', 'FirstName129', 'LastName129', '4c3ee0195f2444ad204ccd7d94cb6d16', 88, 0, '0000-00-00'),
(130, 'Demo130', 'user130@company.com', 'FirstName130', 'LastName130', '4c3ee0195f2444ad204ccd7d94cb6d16', 71, 0, '0000-00-00'),
(131, 'Demo131', 'user131@company.com', 'FirstName131', 'LastName131', '4c3ee0195f2444ad204ccd7d94cb6d16', 47, 0, '0000-00-00'),
(132, 'Demo132', 'user132@company.com', 'FirstName132', 'LastName132', '4c3ee0195f2444ad204ccd7d94cb6d16', 69, 0, '0000-00-00'),
(133, 'Demo133', 'user133@company.com', 'FirstName133', 'LastName133', '4c3ee0195f2444ad204ccd7d94cb6d16', 94, 0, '0000-00-00'),
(134, 'Demo134', 'user134@company.com', 'FirstName134', 'LastName134', '4c3ee0195f2444ad204ccd7d94cb6d16', 126, 0, '0000-00-00'),
(135, 'Demo135', 'user135@company.com', 'FirstName135', 'LastName135', '4c3ee0195f2444ad204ccd7d94cb6d16', 118, 0, '0000-00-00'),
(136, 'Demo136', 'user136@company.com', 'FirstName136', 'LastName136', '4c3ee0195f2444ad204ccd7d94cb6d16', 69, 0, '0000-00-00'),
(137, 'Demo137', 'user137@company.com', 'FirstName137', 'LastName137', '4c3ee0195f2444ad204ccd7d94cb6d16', 100, 0, '0000-00-00'),
(138, 'Demo138', 'user138@company.com', 'FirstName138', 'LastName138', '4c3ee0195f2444ad204ccd7d94cb6d16', 100, 0, '0000-00-00'),
(139, 'Demo139', 'user139@company.com', 'FirstName139', 'LastName139', '4c3ee0195f2444ad204ccd7d94cb6d16', 88, 0, '0000-00-00'),
(140, 'Demo140', 'user140@company.com', 'FirstName140', 'LastName140', '4c3ee0195f2444ad204ccd7d94cb6d16', 31, 0, '0000-00-00'),
(141, 'Demo141', 'user141@company.com', 'FirstName141', 'LastName141', '4c3ee0195f2444ad204ccd7d94cb6d16', 74, 0, '0000-00-00'),
(142, 'Demo142', 'user142@company.com', 'FirstName142', 'LastName142', '4c3ee0195f2444ad204ccd7d94cb6d16', 69, 0, '0000-00-00'),
(143, 'Demo143', 'user143@company.com', 'FirstName143', 'LastName143', '4c3ee0195f2444ad204ccd7d94cb6d16', 50, 0, '0000-00-00'),
(144, 'Demo144', 'user144@company.com', 'FirstName144', 'LastName144', '4c3ee0195f2444ad204ccd7d94cb6d16', 104, 0, '0000-00-00'),
(145, 'Demo145', 'user145@company.com', 'FirstName145', 'LastName145', '4c3ee0195f2444ad204ccd7d94cb6d16', 42, 0, '0000-00-00'),
(146, 'Demo146', 'user146@company.com', 'FirstName146', 'LastName146', '4c3ee0195f2444ad204ccd7d94cb6d16', 57, 0, '0000-00-00'),
(147, 'Demo147', 'user147@company.com', 'FirstName147', 'LastName147', '4c3ee0195f2444ad204ccd7d94cb6d16', 28, 0, '0000-00-00'),
(148, 'Demo148', 'user148@company.com', 'FirstName148', 'LastName148', '4c3ee0195f2444ad204ccd7d94cb6d16', 70, 0, '0000-00-00'),
(149, 'Demo149', 'user149@company.com', 'FirstName149', 'LastName149', '4c3ee0195f2444ad204ccd7d94cb6d16', 78, 0, '0000-00-00'),
(150, 'Demo150', 'user150@company.com', 'FirstName150', 'LastName150', '4c3ee0195f2444ad204ccd7d94cb6d16', 118, 0, '0000-00-00'),
(151, 'Demo151', 'user151@company.com', 'FirstName151', 'LastName151', '4c3ee0195f2444ad204ccd7d94cb6d16', 103, 0, '0000-00-00'),
(152, 'Demo152', 'user152@company.com', 'FirstName152', 'LastName152', '4c3ee0195f2444ad204ccd7d94cb6d16', 51, 0, '0000-00-00'),
(153, 'Demo153', 'user153@company.com', 'FirstName153', 'LastName153', '4c3ee0195f2444ad204ccd7d94cb6d16', 69, 0, '0000-00-00'),
(154, 'Demo154', 'user154@company.com', 'FirstName154', 'LastName154', '4c3ee0195f2444ad204ccd7d94cb6d16', 75, 0, '0000-00-00'),
(155, 'Demo155', 'user155@company.com', 'FirstName155', 'LastName155', '4c3ee0195f2444ad204ccd7d94cb6d16', 75, 0, '0000-00-00'),
(156, 'Demo156', 'user156@company.com', 'FirstName156', 'LastName156', '4c3ee0195f2444ad204ccd7d94cb6d16', 36, 0, '0000-00-00'),
(157, 'Demo157', 'user157@company.com', 'FirstName157', 'LastName157', '4c3ee0195f2444ad204ccd7d94cb6d16', 118, 0, '0000-00-00'),
(158, 'Demo158', 'user158@company.com', 'FirstName158', 'LastName158', '4c3ee0195f2444ad204ccd7d94cb6d16', 62, 0, '0000-00-00'),
(159, 'Demo159', 'user159@company.com', 'FirstName159', 'LastName159', '4c3ee0195f2444ad204ccd7d94cb6d16', 136, 1, '2011-10-14'),
(160, 'Demo160', 'user160@company.com', 'FirstName160', 'LastName160', '4c3ee0195f2444ad204ccd7d94cb6d16', 68, 0, '0000-00-00'),
(161, 'Demo161', 'user161@company.com', 'FirstName161', 'LastName161', '4c3ee0195f2444ad204ccd7d94cb6d16', 71, 0, '0000-00-00'),
(162, 'Demo162', 'user162@company.com', 'FirstName162', 'LastName162', '4c3ee0195f2444ad204ccd7d94cb6d16', 75, 0, '0000-00-00'),
(163, 'Demo163', 'user163@company.com', 'FirstName163', 'LastName163', '4c3ee0195f2444ad204ccd7d94cb6d16', 42, 0, '0000-00-00'),
(164, 'Demo164', 'user164@company.com', 'FirstName164', 'LastName164', '4c3ee0195f2444ad204ccd7d94cb6d16', 76, 0, '0000-00-00'),
(165, 'Demo165', 'user165@company.com', 'FirstName165', 'LastName165', '4c3ee0195f2444ad204ccd7d94cb6d16', 49, 0, '0000-00-00'),
(166, 'Demo166', 'user166@company.com', 'FirstName166', 'LastName166', '4c3ee0195f2444ad204ccd7d94cb6d16', 58, 0, '0000-00-00'),
(167, 'Demo167', 'user167@company.com', 'FirstName167', 'LastName167', '4c3ee0195f2444ad204ccd7d94cb6d16', 116, 0, '0000-00-00'),
(168, 'Demo168', 'user168@company.com', 'FirstName168', 'LastName168', '4c3ee0195f2444ad204ccd7d94cb6d16', 77, 0, '0000-00-00'),
(169, 'Demo169', 'user169@company.com', 'FirstName169', 'LastName169', '4c3ee0195f2444ad204ccd7d94cb6d16', 70, 0, '0000-00-00'),
(170, 'Demo170', 'user170@company.com', 'FirstName170', 'LastName170', '4c3ee0195f2444ad204ccd7d94cb6d16', 58, 0, '0000-00-00'),
(171, 'Demo171', 'user171@company.com', 'FirstName171', 'LastName171', '4c3ee0195f2444ad204ccd7d94cb6d16', 129, 0, '0000-00-00'),
(172, 'Demo172', 'user172@company.com', 'FirstName172', 'LastName172', '4c3ee0195f2444ad204ccd7d94cb6d16', 102, 0, '0000-00-00'),
(173, 'Demo173', 'user173@company.com', 'FirstName173', 'LastName173', '4c3ee0195f2444ad204ccd7d94cb6d16', 62, 0, '0000-00-00'),
(174, 'Demo174', 'user174@company.com', 'FirstName174', 'LastName174', '4c3ee0195f2444ad204ccd7d94cb6d16', 62, 0, '0000-00-00'),
(175, 'Demo175', 'user175@company.com', 'FirstName175', 'LastName175', '4c3ee0195f2444ad204ccd7d94cb6d16', 62, 0, '0000-00-00'),
(176, 'Demo176', 'user176@company.com', 'FirstName176', 'LastName176', '4c3ee0195f2444ad204ccd7d94cb6d16', 68, 0, '0000-00-00'),
(177, 'Demo177', 'user177@company.com', 'FirstName177', 'LastName177', '4c3ee0195f2444ad204ccd7d94cb6d16', 77, 0, '0000-00-00'),
(178, 'Demo178', 'user178@company.com', 'FirstName178', 'LastName178', '4c3ee0195f2444ad204ccd7d94cb6d16', 79, 0, '0000-00-00'),
(179, 'Demo179', 'user179@company.com', 'FirstName179', 'LastName179', '4c3ee0195f2444ad204ccd7d94cb6d16', 62, 0, '0000-00-00'),
(180, 'Demo180', 'user180@company.com', 'FirstName180', 'LastName180', '4c3ee0195f2444ad204ccd7d94cb6d16', 77, 0, '0000-00-00'),
(181, 'Demo181', 'user181@company.com', 'FirstName181', 'LastName181', '4c3ee0195f2444ad204ccd7d94cb6d16', 70, 0, '0000-00-00'),
(182, 'Demo182', 'user182@company.com', 'FirstName182', 'LastName182', '4c3ee0195f2444ad204ccd7d94cb6d16', 49, 0, '0000-00-00'),
(183, 'Demo183', 'user183@company.com', 'FirstName183', 'LastName183', '4c3ee0195f2444ad204ccd7d94cb6d16', 70, 0, '0000-00-00'),
(184, 'Demo184', 'user184@company.com', 'FirstName184', 'LastName184', '4c3ee0195f2444ad204ccd7d94cb6d16', 41, 0, '0000-00-00'),
(185, 'Demo185', 'user185@company.com', 'FirstName185', 'LastName185', '4c3ee0195f2444ad204ccd7d94cb6d16', 21, 0, '0000-00-00'),
(186, 'Demo186', 'user186@company.com', 'FirstName186', 'LastName186', '4c3ee0195f2444ad204ccd7d94cb6d16', 57, 0, '0000-00-00'),
(187, 'Demo187', 'user187@company.com', 'FirstName187', 'LastName187', '4c3ee0195f2444ad204ccd7d94cb6d16', 78, 0, '0000-00-00'),
(188, 'Demo188', 'user188@company.com', 'FirstName188', 'LastName188', '4c3ee0195f2444ad204ccd7d94cb6d16', 36, 0, '0000-00-00'),
(189, 'Demo189', 'user189@company.com', 'FirstName189', 'LastName189', '4c3ee0195f2444ad204ccd7d94cb6d16', 75, 0, '0000-00-00'),
(190, 'Demo190', 'user190@company.com', 'FirstName190', 'LastName190', '4c3ee0195f2444ad204ccd7d94cb6d16', 68, 0, '0000-00-00'),
(191, 'Demo191', 'user191@company.com', 'FirstName191', 'LastName191', '4c3ee0195f2444ad204ccd7d94cb6d16', 27, 0, '0000-00-00'),
(192, 'Demo192', 'user192@company.com', 'FirstName192', 'LastName192', '4c3ee0195f2444ad204ccd7d94cb6d16', 68, 0, '0000-00-00'),
(193, 'Demo193', 'user193@company.com', 'FirstName193', 'LastName193', '4c3ee0195f2444ad204ccd7d94cb6d16', 102, 0, '0000-00-00'),
(194, 'Demo194', 'user194@company.com', 'FirstName194', 'LastName194', '4c3ee0195f2444ad204ccd7d94cb6d16', 57, 0, '0000-00-00'),
(195, 'Demo195', 'user195@company.com', 'FirstName195', 'LastName195', '4c3ee0195f2444ad204ccd7d94cb6d16', 37, 0, '0000-00-00'),
(196, 'Demo196', 'user196@company.com', 'FirstName196', 'LastName196', '4c3ee0195f2444ad204ccd7d94cb6d16', 42, 0, '0000-00-00'),
(197, 'Demo197', 'user197@company.com', 'FirstName197', 'LastName197', '4c3ee0195f2444ad204ccd7d94cb6d16', 96, 0, '0000-00-00'),
(198, 'Demo198', 'user198@company.com', 'FirstName198', 'LastName198', '4c3ee0195f2444ad204ccd7d94cb6d16', 17, 0, '0000-00-00'),
(199, 'Demo199', 'user199@company.com', 'FirstName199', 'LastName199', '4c3ee0195f2444ad204ccd7d94cb6d16', 75, 0, '0000-00-00'),
(200, 'Demo200', 'user200@company.com', 'FirstName200', 'LastName200', '4c3ee0195f2444ad204ccd7d94cb6d16', 30, 0, '0000-00-00'),
(201, 'Demo201', 'user201@company.com', 'FirstName201', 'LastName201', '4c3ee0195f2444ad204ccd7d94cb6d16', 30, 0, '0000-00-00'),
(202, 'Demo202', 'user202@company.com', 'FirstName202', 'LastName202', '4c3ee0195f2444ad204ccd7d94cb6d16', 62, 0, '0000-00-00'),
(203, 'Demo203', 'user203@company.com', 'FirstName203', 'LastName203', '4c3ee0195f2444ad204ccd7d94cb6d16', 36, 0, '0000-00-00'),
(204, 'Demo204', 'user204@company.com', 'FirstName204', 'LastName204', '4c3ee0195f2444ad204ccd7d94cb6d16', 110, 0, '0000-00-00'),
(205, 'Demo205', 'user205@company.com', 'FirstName205', 'LastName205', '4c3ee0195f2444ad204ccd7d94cb6d16', 74, 0, '0000-00-00'),
(206, 'Demo206', 'user206@company.com', 'FirstName206', 'LastName206', '4c3ee0195f2444ad204ccd7d94cb6d16', 50, 0, '0000-00-00'),
(207, 'Demo207', 'user207@company.com', 'FirstName207', 'LastName207', '4c3ee0195f2444ad204ccd7d94cb6d16', 25, 0, '0000-00-00'),
(208, 'Demo208', 'user208@company.com', 'FirstName208', 'LastName208', '4c3ee0195f2444ad204ccd7d94cb6d16', 96, 0, '0000-00-00'),
(209, 'Demo209', 'user209@company.com', 'FirstName209', 'LastName209', '4c3ee0195f2444ad204ccd7d94cb6d16', 47, 0, '0000-00-00'),
(210, 'Demo210', 'user210@company.com', 'FirstName210', 'LastName210', '4c3ee0195f2444ad204ccd7d94cb6d16', 33, 0, '0000-00-00'),
(211, 'Demo211', 'user211@company.com', 'FirstName211', 'LastName211', '4c3ee0195f2444ad204ccd7d94cb6d16', 47, 0, '0000-00-00'),
(212, 'Demo212', 'user212@company.com', 'FirstName212', 'LastName212', '4c3ee0195f2444ad204ccd7d94cb6d16', 68, 0, '0000-00-00'),
(213, 'Demo213', 'user213@company.com', 'FirstName213', 'LastName213', '4c3ee0195f2444ad204ccd7d94cb6d16', 68, 0, '0000-00-00'),
(214, 'Demo214', 'user214@company.com', 'FirstName214', 'LastName214', '4c3ee0195f2444ad204ccd7d94cb6d16', 118, 0, '0000-00-00'),
(215, 'Demo215', 'user215@company.com', 'FirstName215', 'LastName215', '4c3ee0195f2444ad204ccd7d94cb6d16', 33, 0, '0000-00-00'),
(216, 'Demo216', 'user216@company.com', 'FirstName216', 'LastName216', '4c3ee0195f2444ad204ccd7d94cb6d16', 34, 0, '0000-00-00'),
(217, 'Demo217', 'user217@company.com', 'FirstName217', 'LastName217', '4c3ee0195f2444ad204ccd7d94cb6d16', 103, 0, '0000-00-00'),
(218, 'Demo218', 'user218@company.com', 'FirstName218', 'LastName218', '4c3ee0195f2444ad204ccd7d94cb6d16', 67, 0, '0000-00-00'),
(219, 'Demo219', 'user219@company.com', 'FirstName219', 'LastName219', '4c3ee0195f2444ad204ccd7d94cb6d16', 23, 0, '0000-00-00'),
(220, 'Demo220', 'user220@company.com', 'FirstName220', 'LastName220', '4c3ee0195f2444ad204ccd7d94cb6d16', 100, 0, '0000-00-00'),
(221, 'Demo221', 'user221@company.com', 'FirstName221', 'LastName221', '4c3ee0195f2444ad204ccd7d94cb6d16', 34, 0, '0000-00-00'),
(222, 'Demo222', 'user222@company.com', 'FirstName222', 'LastName222', '4c3ee0195f2444ad204ccd7d94cb6d16', 47, 0, '0000-00-00'),
(223, 'Demo223', 'user223@company.com', 'FirstName223', 'LastName223', '4c3ee0195f2444ad204ccd7d94cb6d16', 97, 0, '0000-00-00'),
(224, 'Demo224', 'user224@company.com', 'FirstName224', 'LastName224', '4c3ee0195f2444ad204ccd7d94cb6d16', 110, 0, '0000-00-00'),
(225, 'Demo225', 'user225@company.com', 'FirstName225', 'LastName225', '4c3ee0195f2444ad204ccd7d94cb6d16', 30, 0, '0000-00-00'),
(226, 'Demo226', 'user226@company.com', 'FirstName226', 'LastName226', '4c3ee0195f2444ad204ccd7d94cb6d16', 33, 0, '0000-00-00'),
(227, 'Demo227', 'user227@company.com', 'FirstName227', 'LastName227', '4c3ee0195f2444ad204ccd7d94cb6d16', 34, 0, '0000-00-00'),
(228, 'Demo228', 'user228@company.com', 'FirstName228', 'LastName228', '4c3ee0195f2444ad204ccd7d94cb6d16', 68, 0, '0000-00-00'),
(229, 'Demo229', 'user229@company.com', 'FirstName229', 'LastName229', '4c3ee0195f2444ad204ccd7d94cb6d16', 34, 0, '0000-00-00'),
(230, 'Demo230', 'user230@company.com', 'FirstName230', 'LastName230', '4c3ee0195f2444ad204ccd7d94cb6d16', 13, 0, '0000-00-00'),
(231, 'Demo231', 'user231@company.com', 'FirstName231', 'LastName231', '4c3ee0195f2444ad204ccd7d94cb6d16', 74, 0, '0000-00-00'),
(232, 'Demo232', 'user232@company.com', 'FirstName232', 'LastName232', '4c3ee0195f2444ad204ccd7d94cb6d16', 94, 0, '0000-00-00'),
(233, 'Demo233', 'user233@company.com', 'FirstName233', 'LastName233', '4c3ee0195f2444ad204ccd7d94cb6d16', 33, 0, '0000-00-00'),
(234, 'Demo234', 'user234@company.com', 'FirstName234', 'LastName234', '4c3ee0195f2444ad204ccd7d94cb6d16', 13, 0, '0000-00-00'),
(235, 'Demo235', 'user235@company.com', 'FirstName235', 'LastName235', '4c3ee0195f2444ad204ccd7d94cb6d16', 32, 0, '0000-00-00'),
(236, 'Demo236', 'user236@company.com', 'FirstName236', 'LastName236', '4c3ee0195f2444ad204ccd7d94cb6d16', 32, 0, '0000-00-00'),
(237, 'Demo237', 'user237@company.com', 'FirstName237', 'LastName237', '4c3ee0195f2444ad204ccd7d94cb6d16', 32, 0, '0000-00-00'),
(238, 'Demo238', 'user238@company.com', 'FirstName238', 'LastName238', '4c3ee0195f2444ad204ccd7d94cb6d16', 67, 0, '0000-00-00'),
(239, 'Demo239', 'user239@company.com', 'FirstName239', 'LastName239', '4c3ee0195f2444ad204ccd7d94cb6d16', 61, 0, '0000-00-00'),
(240, 'Demo240', 'user240@company.com', 'FirstName240', 'LastName240', '4c3ee0195f2444ad204ccd7d94cb6d16', 77, 0, '0000-00-00'),
(241, 'Demo241', 'user241@company.com', 'FirstName241', 'LastName241', '4c3ee0195f2444ad204ccd7d94cb6d16', 26, 0, '0000-00-00'),
(242, 'Demo242', 'user242@company.com', 'FirstName242', 'LastName242', '4c3ee0195f2444ad204ccd7d94cb6d16', 36, 0, '0000-00-00'),
(243, 'Demo243', 'user243@company.com', 'FirstName243', 'LastName243', '4c3ee0195f2444ad204ccd7d94cb6d16', 42, 0, '0000-00-00'),
(244, 'Demo244', 'user244@company.com', 'FirstName244', 'LastName244', '4c3ee0195f2444ad204ccd7d94cb6d16', 36, 0, '0000-00-00'),
(245, 'Demo245', 'user245@company.com', 'FirstName245', 'LastName245', '4c3ee0195f2444ad204ccd7d94cb6d16', 117, 0, '0000-00-00'),
(246, 'Demo246', 'user246@company.com', 'FirstName246', 'LastName246', '4c3ee0195f2444ad204ccd7d94cb6d16', 74, 0, '0000-00-00'),
(247, 'Demo247', 'user247@company.com', 'FirstName247', 'LastName247', '4c3ee0195f2444ad204ccd7d94cb6d16', 79, 0, '0000-00-00'),
(248, 'Demo248', 'user248@company.com', 'FirstName248', 'LastName248', '4c3ee0195f2444ad204ccd7d94cb6d16', 55, 0, '0000-00-00'),
(249, 'Demo249', 'user249@company.com', 'FirstName249', 'LastName249', '4c3ee0195f2444ad204ccd7d94cb6d16', 62, 0, '0000-00-00'),
(250, 'Demo250', 'user250@company.com', 'FirstName250', 'LastName250', '4c3ee0195f2444ad204ccd7d94cb6d16', 124, 0, '0000-00-00'),
(251, 'Demo251', 'user251@company.com', 'FirstName251', 'LastName251', '4c3ee0195f2444ad204ccd7d94cb6d16', 96, 0, '0000-00-00'),
(252, 'Demo252', 'user252@company.com', 'FirstName252', 'LastName252', '4c3ee0195f2444ad204ccd7d94cb6d16', 33, 0, '0000-00-00'),
(253, 'Demo253', 'user253@company.com', 'FirstName253', 'LastName253', '4c3ee0195f2444ad204ccd7d94cb6d16', 97, 0, '0000-00-00'),
(254, 'Demo254', 'user254@company.com', 'FirstName254', 'LastName254', '4c3ee0195f2444ad204ccd7d94cb6d16', 101, 0, '0000-00-00'),
(255, 'Demo255', 'user255@company.com', 'FirstName255', 'LastName255', '4c3ee0195f2444ad204ccd7d94cb6d16', 61, 0, '0000-00-00'),
(256, 'Demo256', 'user256@company.com', 'FirstName256', 'LastName256', '4c3ee0195f2444ad204ccd7d94cb6d16', 34, 0, '0000-00-00'),
(257, 'Demo257', 'user257@company.com', 'FirstName257', 'LastName257', '4c3ee0195f2444ad204ccd7d94cb6d16', 89, 0, '0000-00-00'),
(258, 'Demo258', 'user258@company.com', 'FirstName258', 'LastName258', '4c3ee0195f2444ad204ccd7d94cb6d16', 70, 0, '0000-00-00'),
(259, 'Demo259', 'user259@company.com', 'FirstName259', 'LastName259', '4c3ee0195f2444ad204ccd7d94cb6d16', 48, 0, '0000-00-00'),
(260, 'Demo260', 'user260@company.com', 'FirstName260', 'LastName260', '4c3ee0195f2444ad204ccd7d94cb6d16', 23, 0, '0000-00-00'),
(261, 'Demo261', 'user261@company.com', 'FirstName261', 'LastName261', '4c3ee0195f2444ad204ccd7d94cb6d16', 31, 0, '0000-00-00'),
(262, 'Demo262', 'user262@company.com', 'FirstName262', 'LastName262', '4c3ee0195f2444ad204ccd7d94cb6d16', 33, 0, '0000-00-00'),
(263, 'Demo263', 'user263@company.com', 'FirstName263', 'LastName263', '4c3ee0195f2444ad204ccd7d94cb6d16', 110, 0, '0000-00-00'),
(264, 'Demo264', 'user264@company.com', 'FirstName264', 'LastName264', '4c3ee0195f2444ad204ccd7d94cb6d16', 64, 0, '0000-00-00'),
(265, 'Demo265', 'user265@company.com', 'FirstName265', 'LastName265', '4c3ee0195f2444ad204ccd7d94cb6d16', 6, 0, '0000-00-00'),
(266, 'Demo266', 'user266@company.com', 'FirstName266', 'LastName266', '4c3ee0195f2444ad204ccd7d94cb6d16', 77, 0, '0000-00-00'),
(267, 'Demo267', 'user267@company.com', 'FirstName267', 'LastName267', '4c3ee0195f2444ad204ccd7d94cb6d16', 101, 0, '0000-00-00'),
(268, 'Demo268', 'user268@company.com', 'FirstName268', 'LastName268', '4c3ee0195f2444ad204ccd7d94cb6d16', 43, 0, '0000-00-00'),
(269, 'Demo269', 'user269@company.com', 'FirstName269', 'LastName269', '4c3ee0195f2444ad204ccd7d94cb6d16', 75, 0, '0000-00-00'),
(270, 'Demo270', 'user270@company.com', 'FirstName270', 'LastName270', '4c3ee0195f2444ad204ccd7d94cb6d16', 32, 0, '0000-00-00'),
(271, 'Demo271', 'user271@company.com', 'FirstName271', 'LastName271', '4c3ee0195f2444ad204ccd7d94cb6d16', 124, 0, '0000-00-00'),
(272, 'Demo272', 'user272@company.com', 'FirstName272', 'LastName272', '4c3ee0195f2444ad204ccd7d94cb6d16', 57, 0, '0000-00-00'),
(273, 'Demo273', 'user273@company.com', 'FirstName273', 'LastName273', '4c3ee0195f2444ad204ccd7d94cb6d16', 37, 0, '0000-00-00'),
(274, 'Demo274', 'user274@company.com', 'FirstName274', 'LastName274', '4c3ee0195f2444ad204ccd7d94cb6d16', 57, 0, '0000-00-00'),
(275, 'Demo275', 'user275@company.com', 'FirstName275', 'LastName275', '4c3ee0195f2444ad204ccd7d94cb6d16', 74, 0, '0000-00-00'),
(276, 'Demo276', 'user276@company.com', 'FirstName276', 'LastName276', '4c3ee0195f2444ad204ccd7d94cb6d16', 58, 0, '0000-00-00'),
(277, 'Demo277', 'user277@company.com', 'FirstName277', 'LastName277', '4c3ee0195f2444ad204ccd7d94cb6d16', 57, 0, '0000-00-00'),
(278, 'Demo278', 'user278@company.com', 'FirstName278', 'LastName278', '4c3ee0195f2444ad204ccd7d94cb6d16', 102, 0, '0000-00-00'),
(279, 'Demo279', 'user279@company.com', 'FirstName279', 'LastName279', '4c3ee0195f2444ad204ccd7d94cb6d16', 10, 0, '0000-00-00'),
(280, 'Demo280', 'user280@company.com', 'FirstName280', 'LastName280', '4c3ee0195f2444ad204ccd7d94cb6d16', 130, 0, '0000-00-00'),
(281, 'Demo281', 'user281@company.com', 'FirstName281', 'LastName281', '4c3ee0195f2444ad204ccd7d94cb6d16', 14, 0, '0000-00-00'),
(282, 'Demo282', 'user282@company.com', 'FirstName282', 'LastName282', '4c3ee0195f2444ad204ccd7d94cb6d16', 35, 0, '0000-00-00'),
(283, 'Demo283', 'user283@company.com', 'FirstName283', 'LastName283', '4c3ee0195f2444ad204ccd7d94cb6d16', 35, 0, '0000-00-00'),
(284, 'Demo284', 'user284@company.com', 'FirstName284', 'LastName284', '4c3ee0195f2444ad204ccd7d94cb6d16', 29, 0, '0000-00-00'),
(285, 'Demo285', 'user285@company.com', 'FirstName285', 'LastName285', '4c3ee0195f2444ad204ccd7d94cb6d16', 20, 0, '0000-00-00'),
(286, 'Demo286', 'user286@company.com', 'FirstName286', 'LastName286', '4c3ee0195f2444ad204ccd7d94cb6d16', 35, 0, '0000-00-00'),
(287, 'Demo287', 'user287@company.com', 'FirstName287', 'LastName287', '4c3ee0195f2444ad204ccd7d94cb6d16', 35, 0, '0000-00-00'),
(288, 'Demo288', 'user288@company.com', 'FirstName288', 'LastName288', '4c3ee0195f2444ad204ccd7d94cb6d16', 40, 0, '0000-00-00'),
(289, 'Demo289', 'user289@company.com', 'FirstName289', 'LastName289', '4c3ee0195f2444ad204ccd7d94cb6d16', 35, 0, '0000-00-00'),
(290, 'Demo290', 'user290@company.com', 'FirstName290', 'LastName290', '4c3ee0195f2444ad204ccd7d94cb6d16', 105, 0, '0000-00-00'),
(291, 'Demo291', 'user291@company.com', 'FirstName291', 'LastName291', '4c3ee0195f2444ad204ccd7d94cb6d16', 34, 0, '0000-00-00'),
(292, 'Demo292', 'user292@company.com', 'FirstName292', 'LastName292', '4c3ee0195f2444ad204ccd7d94cb6d16', 122, 0, '0000-00-00'),
(293, 'Demo293', 'user293@company.com', 'FirstName293', 'LastName293', '4c3ee0195f2444ad204ccd7d94cb6d16', 89, 0, '0000-00-00'),
(294, 'Demo294', 'user294@company.com', 'FirstName294', 'LastName294', '4c3ee0195f2444ad204ccd7d94cb6d16', 9, 0, '0000-00-00'),
(295, 'Demo295', 'user295@company.com', 'FirstName295', 'LastName295', '4c3ee0195f2444ad204ccd7d94cb6d16', 51, 0, '0000-00-00'),
(296, 'Demo296', 'user296@company.com', 'FirstName296', 'LastName296', '4c3ee0195f2444ad204ccd7d94cb6d16', 89, 0, '0000-00-00'),
(297, 'Demo297', 'user297@company.com', 'FirstName297', 'LastName297', '4c3ee0195f2444ad204ccd7d94cb6d16', 35, 0, '0000-00-00'),
(298, 'Demo298', 'user298@company.com', 'FirstName298', 'LastName298', '4c3ee0195f2444ad204ccd7d94cb6d16', 61, 0, '0000-00-00'),
(299, 'Demo299', 'user299@company.com', 'FirstName299', 'LastName299', '4c3ee0195f2444ad204ccd7d94cb6d16', 99, 0, '0000-00-00'),
(300, 'Demo300', 'user300@company.com', 'FirstName300', 'LastName300', '4c3ee0195f2444ad204ccd7d94cb6d16', 99, 0, '0000-00-00'),
(301, 'Demo301', 'user301@company.com', 'FirstName301', 'LastName301', '4c3ee0195f2444ad204ccd7d94cb6d16', 99, 0, '0000-00-00'),
(302, 'Demo302', 'user302@company.com', 'FirstName302', 'LastName302', '4c3ee0195f2444ad204ccd7d94cb6d16', 99, 0, '0000-00-00'),
(303, 'Demo303', 'user303@company.com', 'FirstName303', 'LastName303', '4c3ee0195f2444ad204ccd7d94cb6d16', 112, 0, '0000-00-00'),
(304, 'Demo304', 'user304@company.com', 'FirstName304', 'LastName304', '4c3ee0195f2444ad204ccd7d94cb6d16', 89, 0, '0000-00-00'),
(305, 'Demo305', 'user305@company.com', 'FirstName305', 'LastName305', '4c3ee0195f2444ad204ccd7d94cb6d16', 70, 0, '0000-00-00'),
(306, 'Demo306', 'user306@company.com', 'FirstName306', 'LastName306', '4c3ee0195f2444ad204ccd7d94cb6d16', 61, 0, '0000-00-00'),
(307, 'Demo307', 'user307@company.com', 'FirstName307', 'LastName307', '4c3ee0195f2444ad204ccd7d94cb6d16', 128, 0, '0000-00-00'),
(308, 'Demo308', 'user308@company.com', 'FirstName308', 'LastName308', '4c3ee0195f2444ad204ccd7d94cb6d16', 52, 0, '0000-00-00'),
(309, 'Demo309', 'user309@company.com', 'FirstName309', 'LastName309', '4c3ee0195f2444ad204ccd7d94cb6d16', 49, 0, '0000-00-00'),
(310, 'Demo310', 'user310@company.com', 'FirstName310', 'LastName310', '4c3ee0195f2444ad204ccd7d94cb6d16', 73, 0, '0000-00-00'),
(311, 'Demo311', 'user311@company.com', 'FirstName311', 'LastName311', '4c3ee0195f2444ad204ccd7d94cb6d16', 42, 0, '0000-00-00'),
(312, 'Demo312', 'user312@company.com', 'FirstName312', 'LastName312', '4c3ee0195f2444ad204ccd7d94cb6d16', 52, 0, '0000-00-00'),
(313, 'Demo313', 'user313@company.com', 'FirstName313', 'LastName313', '4c3ee0195f2444ad204ccd7d94cb6d16', 56, 0, '0000-00-00'),
(314, 'Demo314', 'user314@company.com', 'FirstName314', 'LastName314', '4c3ee0195f2444ad204ccd7d94cb6d16', 49, 0, '0000-00-00'),
(315, 'Demo315', 'user315@company.com', 'FirstName315', 'LastName315', '4c3ee0195f2444ad204ccd7d94cb6d16', 56, 0, '0000-00-00'),
(316, 'Demo316', 'user316@company.com', 'FirstName316', 'LastName316', '4c3ee0195f2444ad204ccd7d94cb6d16', 56, 0, '0000-00-00'),
(317, 'Demo317', 'user317@company.com', 'FirstName317', 'LastName317', '4c3ee0195f2444ad204ccd7d94cb6d16', 132, 0, '0000-00-00'),
(318, 'Demo318', 'user318@company.com', 'FirstName318', 'LastName318', '4c3ee0195f2444ad204ccd7d94cb6d16', 109, 0, '0000-00-00'),
(319, 'Demo319', 'user319@company.com', 'FirstName319', 'LastName319', '4c3ee0195f2444ad204ccd7d94cb6d16', 52, 0, '0000-00-00'),
(320, 'Demo320', 'user320@company.com', 'FirstName320', 'LastName320', '4c3ee0195f2444ad204ccd7d94cb6d16', 108, 0, '0000-00-00'),
(321, 'Demo321', 'user321@company.com', 'FirstName321', 'LastName321', '4c3ee0195f2444ad204ccd7d94cb6d16', 109, 0, '0000-00-00'),
(322, 'Demo322', 'user322@company.com', 'FirstName322', 'LastName322', '4c3ee0195f2444ad204ccd7d94cb6d16', 74, 0, '0000-00-00'),
(323, 'Demo323', 'user323@company.com', 'FirstName323', 'LastName323', '4c3ee0195f2444ad204ccd7d94cb6d16', 57, 0, '0000-00-00'),
(324, 'Demo324', 'user324@company.com', 'FirstName324', 'LastName324', '4c3ee0195f2444ad204ccd7d94cb6d16', 108, 0, '0000-00-00'),
(325, 'Demo325', 'user325@company.com', 'FirstName325', 'LastName325', '4c3ee0195f2444ad204ccd7d94cb6d16', 56, 0, '0000-00-00'),
(326, 'Demo326', 'user326@company.com', 'FirstName326', 'LastName326', '4c3ee0195f2444ad204ccd7d94cb6d16', 56, 0, '0000-00-00'),
(327, 'Demo327', 'user327@company.com', 'FirstName327', 'LastName327', '4c3ee0195f2444ad204ccd7d94cb6d16', 52, 0, '0000-00-00'),
(328, 'Demo328', 'user328@company.com', 'FirstName328', 'LastName328', '4c3ee0195f2444ad204ccd7d94cb6d16', 108, 0, '0000-00-00'),
(329, 'Demo329', 'user329@company.com', 'FirstName329', 'LastName329', '4c3ee0195f2444ad204ccd7d94cb6d16', 34, 0, '0000-00-00'),
(330, 'Demo330', 'user330@company.com', 'FirstName330', 'LastName330', '4c3ee0195f2444ad204ccd7d94cb6d16', 4, 0, '0000-00-00'),
(331, 'Demo331', 'user331@company.com', 'FirstName331', 'LastName331', '4c3ee0195f2444ad204ccd7d94cb6d16', 48, 0, '0000-00-00'),
(332, 'Demo332', 'user332@company.com', 'FirstName332', 'LastName332', '4c3ee0195f2444ad204ccd7d94cb6d16', 4, 0, '0000-00-00'),
(333, 'Demo333', 'user333@company.com', 'FirstName333', 'LastName333', '4c3ee0195f2444ad204ccd7d94cb6d16', 110, 0, '0000-00-00'),
(334, 'Demo334', 'user334@company.com', 'FirstName334', 'LastName334', '4c3ee0195f2444ad204ccd7d94cb6d16', 110, 0, '0000-00-00'),
(335, 'Demo335', 'user335@company.com', 'FirstName335', 'LastName335', '4c3ee0195f2444ad204ccd7d94cb6d16', 110, 0, '0000-00-00'),
(336, 'Demo336', 'user336@company.com', 'FirstName336', 'LastName336', '4c3ee0195f2444ad204ccd7d94cb6d16', 100, 0, '0000-00-00'),
(337, 'Demo337', 'user337@company.com', 'FirstName337', 'LastName337', '4c3ee0195f2444ad204ccd7d94cb6d16', 74, 0, '0000-00-00'),
(338, 'Demo338', 'user338@company.com', 'FirstName338', 'LastName338', '4c3ee0195f2444ad204ccd7d94cb6d16', 52, 0, '0000-00-00'),
(339, 'Demo339', 'user339@company.com', 'FirstName339', 'LastName339', '4c3ee0195f2444ad204ccd7d94cb6d16', 88, 0, '0000-00-00'),
(340, 'Demo340', 'user340@company.com', 'FirstName340', 'LastName340', '4c3ee0195f2444ad204ccd7d94cb6d16', 89, 0, '0000-00-00'),
(341, 'Demo341', 'user341@company.com', 'FirstName341', 'LastName341', '4c3ee0195f2444ad204ccd7d94cb6d16', 52, 0, '0000-00-00'),
(342, 'Demo342', 'user342@company.com', 'FirstName342', 'LastName342', '4c3ee0195f2444ad204ccd7d94cb6d16', 52, 0, '0000-00-00'),
(343, 'Demo343', 'user343@company.com', 'FirstName343', 'LastName343', '4c3ee0195f2444ad204ccd7d94cb6d16', 52, 0, '0000-00-00'),
(344, 'Demo344', 'user344@company.com', 'FirstName344', 'LastName344', '4c3ee0195f2444ad204ccd7d94cb6d16', 52, 0, '0000-00-00'),
(345, 'Demo345', 'user345@company.com', 'FirstName345', 'LastName345', '4c3ee0195f2444ad204ccd7d94cb6d16', 64, 0, '0000-00-00'),
(346, 'Demo346', 'user346@company.com', 'FirstName346', 'LastName346', '4c3ee0195f2444ad204ccd7d94cb6d16', 9, 0, '0000-00-00'),
(347, 'Demo347', 'user347@company.com', 'FirstName347', 'LastName347', '4c3ee0195f2444ad204ccd7d94cb6d16', 9, 0, '0000-00-00'),
(348, 'Demo348', 'user348@company.com', 'FirstName348', 'LastName348', '4c3ee0195f2444ad204ccd7d94cb6d16', 9, 0, '0000-00-00'),
(349, 'Demo349', 'user349@company.com', 'FirstName349', 'LastName349', '4c3ee0195f2444ad204ccd7d94cb6d16', 9, 0, '0000-00-00'),
(350, 'Demo350', 'user350@company.com', 'FirstName350', 'LastName350', '4c3ee0195f2444ad204ccd7d94cb6d16', 9, 0, '0000-00-00'),
(351, 'Demo351', 'user351@company.com', 'FirstName351', 'LastName351', '4c3ee0195f2444ad204ccd7d94cb6d16', 9, 0, '0000-00-00'),
(352, 'Demo352', 'user352@company.com', 'FirstName352', 'LastName352', '4c3ee0195f2444ad204ccd7d94cb6d16', 108, 0, '0000-00-00'),
(353, 'Demo353', 'user353@company.com', 'FirstName353', 'LastName353', '4c3ee0195f2444ad204ccd7d94cb6d16', 60, 0, '0000-00-00'),
(354, 'Demo354', 'user354@company.com', 'FirstName354', 'LastName354', '4c3ee0195f2444ad204ccd7d94cb6d16', 54, 0, '0000-00-00'),
(355, 'Demo355', 'user355@company.com', 'FirstName355', 'LastName355', '4c3ee0195f2444ad204ccd7d94cb6d16', 54, 0, '0000-00-00'),
(356, 'Demo356', 'user356@company.com', 'FirstName356', 'LastName356', '4c3ee0195f2444ad204ccd7d94cb6d16', 54, 0, '0000-00-00'),
(357, 'Demo357', 'user357@company.com', 'FirstName357', 'LastName357', '4c3ee0195f2444ad204ccd7d94cb6d16', 54, 0, '0000-00-00'),
(358, 'Demo358', 'user358@company.com', 'FirstName358', 'LastName358', '4c3ee0195f2444ad204ccd7d94cb6d16', 54, 0, '0000-00-00'),
(359, 'Demo359', 'user359@company.com', 'FirstName359', 'LastName359', '4c3ee0195f2444ad204ccd7d94cb6d16', 4, 0, '0000-00-00'),
(360, 'Demo360', 'user360@company.com', 'FirstName360', 'LastName360', '4c3ee0195f2444ad204ccd7d94cb6d16', 74, 0, '0000-00-00'),
(361, 'Demo361', 'user361@company.com', 'FirstName361', 'LastName361', '4c3ee0195f2444ad204ccd7d94cb6d16', 88, 0, '0000-00-00'),
(362, 'Demo362', 'user362@company.com', 'FirstName362', 'LastName362', '4c3ee0195f2444ad204ccd7d94cb6d16', 57, 0, '0000-00-00'),
(363, 'Demo363', 'user363@company.com', 'FirstName363', 'LastName363', '4c3ee0195f2444ad204ccd7d94cb6d16', 90, 0, '0000-00-00'),
(364, 'Demo364', 'user364@company.com', 'FirstName364', 'LastName364', '4c3ee0195f2444ad204ccd7d94cb6d16', 102, 0, '0000-00-00'),
(365, 'Demo365', 'user365@company.com', 'FirstName365', 'LastName365', '4c3ee0195f2444ad204ccd7d94cb6d16', 54, 0, '0000-00-00'),
(366, 'Demo366', 'user366@company.com', 'FirstName366', 'LastName366', '4c3ee0195f2444ad204ccd7d94cb6d16', 90, 1, '2011-10-13'),
(367, 'Demo367', 'user367@company.com', 'FirstName367', 'LastName367', '4c3ee0195f2444ad204ccd7d94cb6d16', 55, 0, '0000-00-00'),
(368, 'Demo368', 'user368@company.com', 'FirstName368', 'LastName368', '4c3ee0195f2444ad204ccd7d94cb6d16', 118, 0, '0000-00-00'),
(369, 'Demo369', 'user369@company.com', 'FirstName369', 'LastName369', '4c3ee0195f2444ad204ccd7d94cb6d16', 112, 0, '0000-00-00'),
(370, 'Demo370', 'user370@company.com', 'FirstName370', 'LastName370', '4c3ee0195f2444ad204ccd7d94cb6d16', 74, 0, '0000-00-00'),
(371, 'Demo371', 'user371@company.com', 'FirstName371', 'LastName371', '4c3ee0195f2444ad204ccd7d94cb6d16', 93, 0, '0000-00-00'),
(372, 'Demo372', 'user372@company.com', 'FirstName372', 'LastName372', '4c3ee0195f2444ad204ccd7d94cb6d16', 89, 0, '0000-00-00'),
(373, 'Demo373', 'user373@company.com', 'FirstName373', 'LastName373', '4c3ee0195f2444ad204ccd7d94cb6d16', 48, 0, '0000-00-00'),
(374, 'Demo374', 'user374@company.com', 'FirstName374', 'LastName374', '4c3ee0195f2444ad204ccd7d94cb6d16', 94, 0, '0000-00-00'),
(375, 'Demo375', 'user375@company.com', 'FirstName375', 'LastName375', '4c3ee0195f2444ad204ccd7d94cb6d16', 51, 0, '0000-00-00'),
(376, 'Demo376', 'user376@company.com', 'FirstName376', 'LastName376', '4c3ee0195f2444ad204ccd7d94cb6d16', 80, 0, '0000-00-00'),
(377, 'Demo377', 'user377@company.com', 'FirstName377', 'LastName377', '4c3ee0195f2444ad204ccd7d94cb6d16', 99, 0, '0000-00-00'),
(378, 'Demo378', 'user378@company.com', 'FirstName378', 'LastName378', '4c3ee0195f2444ad204ccd7d94cb6d16', 99, 0, '0000-00-00'),
(379, 'Demo379', 'user379@company.com', 'FirstName379', 'LastName379', '4c3ee0195f2444ad204ccd7d94cb6d16', 66, 0, '0000-00-00'),
(380, 'Demo380', 'user380@company.com', 'FirstName380', 'LastName380', '4c3ee0195f2444ad204ccd7d94cb6d16', 53, 0, '0000-00-00'),
(381, 'Demo381', 'user381@company.com', 'FirstName381', 'LastName381', '4c3ee0195f2444ad204ccd7d94cb6d16', 66, 0, '0000-00-00'),
(382, 'Demo382', 'user382@company.com', 'FirstName382', 'LastName382', '4c3ee0195f2444ad204ccd7d94cb6d16', 105, 0, '0000-00-00'),
(383, 'Demo383', 'user383@company.com', 'FirstName383', 'LastName383', '4c3ee0195f2444ad204ccd7d94cb6d16', 66, 0, '0000-00-00'),
(384, 'Demo384', 'user384@company.com', 'FirstName384', 'LastName384', '4c3ee0195f2444ad204ccd7d94cb6d16', 41, 0, '0000-00-00'),
(385, 'Demo385', 'user385@company.com', 'FirstName385', 'LastName385', '4c3ee0195f2444ad204ccd7d94cb6d16', 66, 0, '0000-00-00'),
(386, 'Demo386', 'user386@company.com', 'FirstName386', 'LastName386', '4c3ee0195f2444ad204ccd7d94cb6d16', 111, 0, '0000-00-00'),
(387, 'Demo387', 'user387@company.com', 'FirstName387', 'LastName387', '4c3ee0195f2444ad204ccd7d94cb6d16', 55, 0, '0000-00-00'),
(388, 'Demo388', 'user388@company.com', 'FirstName388', 'LastName388', '4c3ee0195f2444ad204ccd7d94cb6d16', 55, 0, '0000-00-00'),
(389, 'Demo389', 'user389@company.com', 'FirstName389', 'LastName389', '4c3ee0195f2444ad204ccd7d94cb6d16', 118, 0, '0000-00-00'),
(390, 'Demo390', 'user390@company.com', 'FirstName390', 'LastName390', '4c3ee0195f2444ad204ccd7d94cb6d16', 55, 0, '0000-00-00'),
(391, 'Demo391', 'user391@company.com', 'FirstName391', 'LastName391', '4c3ee0195f2444ad204ccd7d94cb6d16', 59, 0, '0000-00-00'),
(392, 'Demo392', 'user392@company.com', 'FirstName392', 'LastName392', '4c3ee0195f2444ad204ccd7d94cb6d16', 72, 0, '0000-00-00'),
(393, 'Demo393', 'user393@company.com', 'FirstName393', 'LastName393', '4c3ee0195f2444ad204ccd7d94cb6d16', 72, 0, '0000-00-00'),
(394, 'Demo394', 'user394@company.com', 'FirstName394', 'LastName394', '4c3ee0195f2444ad204ccd7d94cb6d16', 5, 0, '0000-00-00'),
(395, 'Demo395', 'user395@company.com', 'FirstName395', 'LastName395', '4c3ee0195f2444ad204ccd7d94cb6d16', 123, 1, '2011-10-11'),
(396, 'Demo396', 'user396@company.com', 'FirstName396', 'LastName396', '4c3ee0195f2444ad204ccd7d94cb6d16', 37, 0, '0000-00-00');
INSERT INTO `users` (`users_id`, `userName`, `email`, `firstName`, `lastName`, `password`, `managers_id`, `hasProfile`, `passwordChange`) VALUES
(397, 'Demo397', 'user397@company.com', 'FirstName397', 'LastName397', '4c3ee0195f2444ad204ccd7d94cb6d16', 59, 0, '0000-00-00'),
(398, 'Demo398', 'user398@company.com', 'FirstName398', 'LastName398', '4c3ee0195f2444ad204ccd7d94cb6d16', 15, 0, '0000-00-00'),
(399, 'Demo399', 'user399@company.com', 'FirstName399', 'LastName399', '4c3ee0195f2444ad204ccd7d94cb6d16', 76, 0, '0000-00-00'),
(400, 'Demo400', 'user400@company.com', 'FirstName400', 'LastName400', '4c3ee0195f2444ad204ccd7d94cb6d16', 115, 0, '0000-00-00'),
(401, 'Demo401', 'user401@company.com', 'FirstName401', 'LastName401', '4c3ee0195f2444ad204ccd7d94cb6d16', 101, 0, '0000-00-00'),
(402, 'Demo402', 'user402@company.com', 'FirstName402', 'LastName402', '4c3ee0195f2444ad204ccd7d94cb6d16', 52, 0, '0000-00-00'),
(403, 'Demo403', 'user403@company.com', 'FirstName403', 'LastName403', '4c3ee0195f2444ad204ccd7d94cb6d16', 32, 0, '0000-00-00'),
(404, 'Demo404', 'user404@company.com', 'FirstName404', 'LastName404', '4c3ee0195f2444ad204ccd7d94cb6d16', 101, 0, '0000-00-00'),
(405, 'Demo405', 'user405@company.com', 'FirstName405', 'LastName405', '4c3ee0195f2444ad204ccd7d94cb6d16', 6, 0, '0000-00-00'),
(406, 'Demo406', 'user406@company.com', 'FirstName406', 'LastName406', '4c3ee0195f2444ad204ccd7d94cb6d16', 78, 0, '0000-00-00'),
(407, 'Demo407', 'user407@company.com', 'FirstName407', 'LastName407', '4c3ee0195f2444ad204ccd7d94cb6d16', 78, 0, '0000-00-00'),
(408, 'Demo408', 'user408@company.com', 'FirstName408', 'LastName408', '4c3ee0195f2444ad204ccd7d94cb6d16', 48, 0, '0000-00-00'),
(409, 'Demo409', 'user409@company.com', 'FirstName409', 'LastName409', '4c3ee0195f2444ad204ccd7d94cb6d16', 62, 0, '0000-00-00'),
(410, 'Demo410', 'user410@company.com', 'FirstName410', 'LastName410', '4c3ee0195f2444ad204ccd7d94cb6d16', 58, 0, '0000-00-00'),
(411, 'Demo411', 'user411@company.com', 'FirstName411', 'LastName411', '4c3ee0195f2444ad204ccd7d94cb6d16', 101, 0, '0000-00-00'),
(412, 'Demo412', 'user412@company.com', 'FirstName412', 'LastName412', '4c3ee0195f2444ad204ccd7d94cb6d16', 44, 0, '0000-00-00'),
(413, 'Demo413', 'user413@company.com', 'FirstName413', 'LastName413', '4c3ee0195f2444ad204ccd7d94cb6d16', 89, 0, '0000-00-00'),
(414, 'Demo414', 'user414@company.com', 'FirstName414', 'LastName414', '4c3ee0195f2444ad204ccd7d94cb6d16', 65, 0, '0000-00-00'),
(415, 'Demo415', 'user415@company.com', 'FirstName415', 'LastName415', '4c3ee0195f2444ad204ccd7d94cb6d16', 48, 0, '0000-00-00'),
(416, 'Demo416', 'user416@company.com', 'FirstName416', 'LastName416', '4c3ee0195f2444ad204ccd7d94cb6d16', 78, 0, '0000-00-00'),
(417, 'Demo417', 'user417@company.com', 'FirstName417', 'LastName417', '4c3ee0195f2444ad204ccd7d94cb6d16', 73, 0, '0000-00-00'),
(418, 'Demo418', 'user418@company.com', 'FirstName418', 'LastName418', '4c3ee0195f2444ad204ccd7d94cb6d16', 133, 0, '0000-00-00'),
(419, 'Demo419', 'user419@company.com', 'FirstName419', 'LastName419', '4c3ee0195f2444ad204ccd7d94cb6d16', 48, 0, '0000-00-00'),
(420, 'Demo420', 'user420@company.com', 'FirstName420', 'LastName420', '4c3ee0195f2444ad204ccd7d94cb6d16', 78, 0, '0000-00-00'),
(421, 'Demo421', 'user421@company.com', 'FirstName421', 'LastName421', '4c3ee0195f2444ad204ccd7d94cb6d16', 10, 0, '0000-00-00'),
(422, 'Demo422', 'user422@company.com', 'FirstName422', 'LastName422', '4c3ee0195f2444ad204ccd7d94cb6d16', 115, 0, '0000-00-00'),
(423, 'Demo423', 'user423@company.com', 'FirstName423', 'LastName423', '4c3ee0195f2444ad204ccd7d94cb6d16', 71, 0, '0000-00-00'),
(424, 'Demo424', 'user424@company.com', 'FirstName424', 'LastName424', '4c3ee0195f2444ad204ccd7d94cb6d16', 96, 0, '0000-00-00'),
(425, 'Demo425', 'user425@company.com', 'FirstName425', 'LastName425', '4c3ee0195f2444ad204ccd7d94cb6d16', 26, 0, '0000-00-00'),
(426, 'Demo426', 'user426@company.com', 'FirstName426', 'LastName426', '4c3ee0195f2444ad204ccd7d94cb6d16', 93, 0, '0000-00-00'),
(427, 'Demo427', 'user427@company.com', 'FirstName427', 'LastName427', '4c3ee0195f2444ad204ccd7d94cb6d16', 105, 0, '0000-00-00'),
(428, 'Demo428', 'user428@company.com', 'FirstName428', 'LastName428', '4c3ee0195f2444ad204ccd7d94cb6d16', 93, 0, '0000-00-00'),
(429, 'Demo429', 'user429@company.com', 'FirstName429', 'LastName429', '4c3ee0195f2444ad204ccd7d94cb6d16', 71, 0, '0000-00-00'),
(430, 'Demo430', 'user430@company.com', 'FirstName430', 'LastName430', '4c3ee0195f2444ad204ccd7d94cb6d16', 70, 0, '0000-00-00'),
(431, 'Demo431', 'user431@company.com', 'FirstName431', 'LastName431', '4c3ee0195f2444ad204ccd7d94cb6d16', 89, 0, '0000-00-00'),
(432, 'Demo432', 'user432@company.com', 'FirstName432', 'LastName432', '4c3ee0195f2444ad204ccd7d94cb6d16', 96, 0, '0000-00-00'),
(433, 'Demo433', 'user433@company.com', 'FirstName433', 'LastName433', '4c3ee0195f2444ad204ccd7d94cb6d16', 93, 0, '0000-00-00'),
(434, 'Demo434', 'user434@company.com', 'FirstName434', 'LastName434', '4c3ee0195f2444ad204ccd7d94cb6d16', 75, 0, '0000-00-00'),
(435, 'Demo435', 'user435@company.com', 'FirstName435', 'LastName435', '4c3ee0195f2444ad204ccd7d94cb6d16', 125, 0, '0000-00-00'),
(436, 'Demo436', 'user436@company.com', 'FirstName436', 'LastName436', '4c3ee0195f2444ad204ccd7d94cb6d16', 105, 0, '0000-00-00'),
(437, 'Demo437', 'user437@company.com', 'FirstName437', 'LastName437', '4c3ee0195f2444ad204ccd7d94cb6d16', 61, 0, '0000-00-00'),
(438, 'Demo438', 'user438@company.com', 'FirstName438', 'LastName438', '4c3ee0195f2444ad204ccd7d94cb6d16', 95, 0, '0000-00-00'),
(439, 'Demo439', 'user439@company.com', 'FirstName439', 'LastName439', '4c3ee0195f2444ad204ccd7d94cb6d16', 52, 0, '0000-00-00'),
(440, 'Demo440', 'user440@company.com', 'FirstName440', 'LastName440', '4c3ee0195f2444ad204ccd7d94cb6d16', 86, 0, '0000-00-00'),
(441, 'Demo441', 'user441@company.com', 'FirstName441', 'LastName441', '4c3ee0195f2444ad204ccd7d94cb6d16', 95, 0, '0000-00-00'),
(442, 'Demo442', 'user442@company.com', 'FirstName442', 'LastName442', '4c3ee0195f2444ad204ccd7d94cb6d16', 95, 0, '0000-00-00'),
(443, 'Demo443', 'user443@company.com', 'FirstName443', 'LastName443', '4c3ee0195f2444ad204ccd7d94cb6d16', 95, 0, '0000-00-00'),
(444, 'Demo444', 'user444@company.com', 'FirstName444', 'LastName444', '4c3ee0195f2444ad204ccd7d94cb6d16', 95, 0, '0000-00-00'),
(445, 'Demo445', 'user445@company.com', 'FirstName445', 'LastName445', '4c3ee0195f2444ad204ccd7d94cb6d16', 86, 0, '0000-00-00'),
(446, 'Demo446', 'user446@company.com', 'FirstName446', 'LastName446', '4c3ee0195f2444ad204ccd7d94cb6d16', 124, 0, '0000-00-00'),
(447, 'Demo447', 'user447@company.com', 'FirstName447', 'LastName447', '4c3ee0195f2444ad204ccd7d94cb6d16', 95, 0, '0000-00-00'),
(448, 'Demo448', 'user448@company.com', 'FirstName448', 'LastName448', '4c3ee0195f2444ad204ccd7d94cb6d16', 102, 0, '0000-00-00'),
(449, 'Demo449', 'user449@company.com', 'FirstName449', 'LastName449', '4c3ee0195f2444ad204ccd7d94cb6d16', 102, 0, '0000-00-00'),
(450, 'Demo450', 'user450@company.com', 'FirstName450', 'LastName450', '4c3ee0195f2444ad204ccd7d94cb6d16', 61, 0, '0000-00-00'),
(451, 'Demo451', 'user451@company.com', 'FirstName451', 'LastName451', '4c3ee0195f2444ad204ccd7d94cb6d16', 32, 0, '0000-00-00'),
(452, 'Demo452', 'user452@company.com', 'FirstName452', 'LastName452', '4c3ee0195f2444ad204ccd7d94cb6d16', 86, 0, '0000-00-00'),
(453, 'Demo453', 'user453@company.com', 'FirstName453', 'LastName453', '4c3ee0195f2444ad204ccd7d94cb6d16', 86, 0, '0000-00-00'),
(454, 'Demo454', 'user454@company.com', 'FirstName454', 'LastName454', '4c3ee0195f2444ad204ccd7d94cb6d16', 4, 0, '0000-00-00'),
(455, 'Demo455', 'user455@company.com', 'FirstName455', 'LastName455', '4c3ee0195f2444ad204ccd7d94cb6d16', 61, 0, '0000-00-00'),
(456, 'Demo456', 'user456@company.com', 'FirstName456', 'LastName456', '4c3ee0195f2444ad204ccd7d94cb6d16', 95, 0, '0000-00-00'),
(457, 'Demo457', 'user457@company.com', 'FirstName457', 'LastName457', '4c3ee0195f2444ad204ccd7d94cb6d16', 95, 0, '0000-00-00'),
(458, 'Demo458', 'user458@company.com', 'FirstName458', 'LastName458', '4c3ee0195f2444ad204ccd7d94cb6d16', 84, 0, '0000-00-00'),
(459, 'Demo459', 'user459@company.com', 'FirstName459', 'LastName459', '4c3ee0195f2444ad204ccd7d94cb6d16', 84, 0, '0000-00-00'),
(460, 'Demo460', 'user460@company.com', 'FirstName460', 'LastName460', '4c3ee0195f2444ad204ccd7d94cb6d16', 95, 0, '0000-00-00'),
(461, 'Demo461', 'user461@company.com', 'FirstName461', 'LastName461', '4c3ee0195f2444ad204ccd7d94cb6d16', 114, 0, '0000-00-00'),
(462, 'Demo462', 'user462@company.com', 'FirstName462', 'LastName462', '4c3ee0195f2444ad204ccd7d94cb6d16', 84, 0, '0000-00-00'),
(463, 'Demo463', 'user463@company.com', 'FirstName463', 'LastName463', '4c3ee0195f2444ad204ccd7d94cb6d16', 113, 0, '0000-00-00'),
(464, 'Demo464', 'user464@company.com', 'FirstName464', 'LastName464', '4c3ee0195f2444ad204ccd7d94cb6d16', 64, 0, '0000-00-00'),
(465, 'Demo465', 'user465@company.com', 'FirstName465', 'LastName465', '4c3ee0195f2444ad204ccd7d94cb6d16', 81, 0, '0000-00-00'),
(466, 'Demo466', 'user466@company.com', 'FirstName466', 'LastName466', '4c3ee0195f2444ad204ccd7d94cb6d16', 53, 0, '0000-00-00'),
(467, 'Demo467', 'user467@company.com', 'FirstName467', 'LastName467', '4c3ee0195f2444ad204ccd7d94cb6d16', 39, 0, '0000-00-00'),
(468, 'Demo468', 'user468@company.com', 'FirstName468', 'LastName468', '4c3ee0195f2444ad204ccd7d94cb6d16', 46, 0, '0000-00-00'),
(469, 'Demo469', 'user469@company.com', 'FirstName469', 'LastName469', '4c3ee0195f2444ad204ccd7d94cb6d16', 64, 0, '0000-00-00'),
(470, 'Demo470', 'user470@company.com', 'FirstName470', 'LastName470', '4c3ee0195f2444ad204ccd7d94cb6d16', 95, 0, '0000-00-00'),
(471, 'Demo471', 'user471@company.com', 'FirstName471', 'LastName471', '4c3ee0195f2444ad204ccd7d94cb6d16', 113, 0, '0000-00-00'),
(472, 'Demo472', 'user472@company.com', 'FirstName472', 'LastName472', '4c3ee0195f2444ad204ccd7d94cb6d16', 107, 0, '0000-00-00'),
(473, 'Demo473', 'user473@company.com', 'FirstName473', 'LastName473', '4c3ee0195f2444ad204ccd7d94cb6d16', 53, 0, '0000-00-00'),
(474, 'Demo474', 'user474@company.com', 'FirstName474', 'LastName474', '4c3ee0195f2444ad204ccd7d94cb6d16', 113, 0, '0000-00-00'),
(475, 'Demo475', 'user475@company.com', 'FirstName475', 'LastName475', '4c3ee0195f2444ad204ccd7d94cb6d16', 107, 0, '0000-00-00'),
(476, 'Demo476', 'user476@company.com', 'FirstName476', 'LastName476', '4c3ee0195f2444ad204ccd7d94cb6d16', 85, 0, '0000-00-00'),
(477, 'Demo477', 'user477@company.com', 'FirstName477', 'LastName477', '4c3ee0195f2444ad204ccd7d94cb6d16', 89, 0, '0000-00-00'),
(478, 'Demo478', 'user478@company.com', 'FirstName478', 'LastName478', '4c3ee0195f2444ad204ccd7d94cb6d16', 95, 0, '0000-00-00'),
(479, 'Demo479', 'user479@company.com', 'FirstName479', 'LastName479', '4c3ee0195f2444ad204ccd7d94cb6d16', 122, 1, '2011-11-03'),
(480, 'Demo480', 'user480@company.com', 'FirstName480', 'LastName480', '4c3ee0195f2444ad204ccd7d94cb6d16', 37, 0, '0000-00-00'),
(481, 'Demo481', 'user481@company.com', 'FirstName481', 'LastName481', '4c3ee0195f2444ad204ccd7d94cb6d16', 61, 0, '0000-00-00'),
(482, 'Demo482', 'user482@company.com', 'FirstName482', 'LastName482', '4c3ee0195f2444ad204ccd7d94cb6d16', 95, 0, '0000-00-00'),
(483, 'Demo483', 'user483@company.com', 'FirstName483', 'LastName483', '4c3ee0195f2444ad204ccd7d94cb6d16', 25, 0, '0000-00-00'),
(484, 'Demo484', 'user484@company.com', 'FirstName484', 'LastName484', '4c3ee0195f2444ad204ccd7d94cb6d16', 95, 0, '0000-00-00'),
(485, 'Demo485', 'user485@company.com', 'FirstName485', 'LastName485', '4c3ee0195f2444ad204ccd7d94cb6d16', 107, 0, '0000-00-00'),
(486, 'Demo486', 'user486@company.com', 'FirstName486', 'LastName486', '4c3ee0195f2444ad204ccd7d94cb6d16', 82, 0, '0000-00-00'),
(487, 'Demo487', 'user487@company.com', 'FirstName487', 'LastName487', '4c3ee0195f2444ad204ccd7d94cb6d16', 85, 0, '0000-00-00'),
(488, 'Demo488', 'user488@company.com', 'FirstName488', 'LastName488', '4c3ee0195f2444ad204ccd7d94cb6d16', 82, 0, '0000-00-00'),
(489, 'Demo489', 'user489@company.com', 'FirstName489', 'LastName489', '4c3ee0195f2444ad204ccd7d94cb6d16', 83, 0, '0000-00-00'),
(490, 'Demo490', 'user490@company.com', 'FirstName490', 'LastName490', '4c3ee0195f2444ad204ccd7d94cb6d16', 81, 0, '0000-00-00'),
(491, 'Demo491', 'user491@company.com', 'FirstName491', 'LastName491', '4c3ee0195f2444ad204ccd7d94cb6d16', 9, 0, '0000-00-00'),
(492, 'Demo492', 'user492@company.com', 'FirstName492', 'LastName492', '4c3ee0195f2444ad204ccd7d94cb6d16', 46, 0, '0000-00-00'),
(493, 'Demo493', 'user493@company.com', 'FirstName493', 'LastName493', '4c3ee0195f2444ad204ccd7d94cb6d16', 46, 0, '0000-00-00'),
(494, 'Demo494', 'user494@company.com', 'FirstName494', 'LastName494', '4c3ee0195f2444ad204ccd7d94cb6d16', 87, 0, '0000-00-00'),
(495, 'Demo495', 'user495@company.com', 'FirstName495', 'LastName495', '4c3ee0195f2444ad204ccd7d94cb6d16', 87, 0, '0000-00-00'),
(496, 'Demo496', 'user496@company.com', 'FirstName496', 'LastName496', '4c3ee0195f2444ad204ccd7d94cb6d16', 87, 0, '0000-00-00'),
(497, 'Demo497', 'user497@company.com', 'FirstName497', 'LastName497', '4c3ee0195f2444ad204ccd7d94cb6d16', 135, 1, '2011-10-10'),
(498, 'Demo498', 'user498@company.com', 'FirstName498', 'LastName498', '4c3ee0195f2444ad204ccd7d94cb6d16', 98, 0, '0000-00-00'),
(499, 'Demo499', 'user499@company.com', 'FirstName499', 'LastName499', '4c3ee0195f2444ad204ccd7d94cb6d16', 83, 0, '0000-00-00'),
(500, 'Demo500', 'user500@company.com', 'FirstName500', 'LastName500', '4c3ee0195f2444ad204ccd7d94cb6d16', 90, 1, '2011-10-25'),
(501, 'Demo501', 'user501@company.com', 'FirstName501', 'LastName501', '4c3ee0195f2444ad204ccd7d94cb6d16', 90, 0, '0000-00-00'),
(502, 'Demo502', 'user502@company.com', 'FirstName502', 'LastName502', '4c3ee0195f2444ad204ccd7d94cb6d16', 83, 0, '0000-00-00'),
(503, 'Demo503', 'user503@company.com', 'FirstName503', 'LastName503', '4c3ee0195f2444ad204ccd7d94cb6d16', 90, 0, '0000-00-00'),
(504, 'Demo504', 'user504@company.com', 'FirstName504', 'LastName504', '4c3ee0195f2444ad204ccd7d94cb6d16', 46, 0, '0000-00-00'),
(505, 'Demo505', 'user505@company.com', 'FirstName505', 'LastName505', '4c3ee0195f2444ad204ccd7d94cb6d16', 37, 0, '0000-00-00'),
(506, 'Demo506', 'user506@company.com', 'FirstName506', 'LastName506', '4c3ee0195f2444ad204ccd7d94cb6d16', 87, 0, '0000-00-00'),
(507, 'Demo507', 'user507@company.com', 'FirstName507', 'LastName507', '4c3ee0195f2444ad204ccd7d94cb6d16', 91, 0, '0000-00-00'),
(508, 'Demo508', 'user508@company.com', 'FirstName508', 'LastName508', '4c3ee0195f2444ad204ccd7d94cb6d16', 91, 0, '0000-00-00'),
(509, 'Demo509', 'user509@company.com', 'FirstName509', 'LastName509', '4c3ee0195f2444ad204ccd7d94cb6d16', 87, 0, '0000-00-00'),
(510, 'Demo510', 'user510@company.com', 'FirstName510', 'LastName510', '4c3ee0195f2444ad204ccd7d94cb6d16', 87, 0, '0000-00-00'),
(511, 'Demo511', 'user511@company.com', 'FirstName511', 'LastName511', '4c3ee0195f2444ad204ccd7d94cb6d16', 94, 0, '0000-00-00'),
(512, 'Demo512', 'user512@company.com', 'FirstName512', 'LastName512', '4c3ee0195f2444ad204ccd7d94cb6d16', 46, 0, '0000-00-00'),
(513, 'Demo513', 'user513@company.com', 'FirstName513', 'LastName513', '4c3ee0195f2444ad204ccd7d94cb6d16', 85, 0, '0000-00-00'),
(514, 'Demo514', 'user514@company.com', 'FirstName514', 'LastName514', '4c3ee0195f2444ad204ccd7d94cb6d16', 57, 0, '0000-00-00'),
(515, 'Demo515', 'user515@company.com', 'FirstName515', 'LastName515', '4c3ee0195f2444ad204ccd7d94cb6d16', 107, 0, '0000-00-00'),
(516, 'Demo516', 'user516@company.com', 'FirstName516', 'LastName516', '4c3ee0195f2444ad204ccd7d94cb6d16', 91, 0, '0000-00-00'),
(517, 'Demo517', 'user517@company.com', 'FirstName517', 'LastName517', '4c3ee0195f2444ad204ccd7d94cb6d16', 94, 0, '0000-00-00'),
(518, 'Demo518', 'user518@company.com', 'FirstName518', 'LastName518', '4c3ee0195f2444ad204ccd7d94cb6d16', 97, 0, '0000-00-00'),
(519, 'Demo519', 'user519@company.com', 'FirstName519', 'LastName519', '4c3ee0195f2444ad204ccd7d94cb6d16', 98, 1, '2011-10-18'),
(520, 'Demo520', 'user520@company.com', 'FirstName520', 'LastName520', '4c3ee0195f2444ad204ccd7d94cb6d16', 94, 0, '0000-00-00'),
(521, 'Demo521', 'user521@company.com', 'FirstName521', 'LastName521', '4c3ee0195f2444ad204ccd7d94cb6d16', 135, 1, '2011-10-10'),
(522, 'Demo522', 'user522@company.com', 'FirstName522', 'LastName522', '4c3ee0195f2444ad204ccd7d94cb6d16', 90, 0, '0000-00-00'),
(523, 'Demo523', 'user523@company.com', 'FirstName523', 'LastName523', '4c3ee0195f2444ad204ccd7d94cb6d16', 9, 0, '0000-00-00'),
(524, 'Demo524', 'user524@company.com', 'FirstName524', 'LastName524', '4c3ee0195f2444ad204ccd7d94cb6d16', 90, 0, '0000-00-00'),
(525, 'Demo525', 'user525@company.com', 'FirstName525', 'LastName525', '4c3ee0195f2444ad204ccd7d94cb6d16', 111, 0, '0000-00-00'),
(526, 'Demo526', 'user526@company.com', 'FirstName526', 'LastName526', '4c3ee0195f2444ad204ccd7d94cb6d16', 120, 0, '0000-00-00'),
(527, 'Demo527', 'user527@company.com', 'FirstName527', 'LastName527', '4c3ee0195f2444ad204ccd7d94cb6d16', 59, 0, '0000-00-00'),
(528, 'Demo528', 'user528@company.com', 'FirstName528', 'LastName528', '4c3ee0195f2444ad204ccd7d94cb6d16', 59, 0, '0000-00-00'),
(529, 'Demo529', 'user529@company.com', 'FirstName529', 'LastName529', '4c3ee0195f2444ad204ccd7d94cb6d16', 36, 0, '0000-00-00'),
(530, 'Demo530', 'user530@company.com', 'FirstName530', 'LastName530', '4c3ee0195f2444ad204ccd7d94cb6d16', 63, 0, '0000-00-00'),
(531, 'Demo531', 'user531@company.com', 'FirstName531', 'LastName531', '4c3ee0195f2444ad204ccd7d94cb6d16', 63, 0, '0000-00-00'),
(532, 'Demo532', 'user532@company.com', 'FirstName532', 'LastName532', '4c3ee0195f2444ad204ccd7d94cb6d16', 94, 0, '0000-00-00'),
(533, 'Demo533', 'user533@company.com', 'FirstName533', 'LastName533', '4c3ee0195f2444ad204ccd7d94cb6d16', 10, 0, '0000-00-00'),
(534, 'Demo534', 'user534@company.com', 'FirstName534', 'LastName534', '4c3ee0195f2444ad204ccd7d94cb6d16', 63, 0, '0000-00-00'),
(535, 'Demo535', 'user535@company.com', 'FirstName535', 'LastName535', '4c3ee0195f2444ad204ccd7d94cb6d16', 81, 0, '0000-00-00'),
(536, 'Demo536', 'user536@company.com', 'FirstName536', 'LastName536', '4c3ee0195f2444ad204ccd7d94cb6d16', 93, 0, '0000-00-00'),
(537, 'Demo537', 'user537@company.com', 'FirstName537', 'LastName537', '4c3ee0195f2444ad204ccd7d94cb6d16', 91, 0, '0000-00-00'),
(538, 'Demo538', 'user538@company.com', 'FirstName538', 'LastName538', '4c3ee0195f2444ad204ccd7d94cb6d16', 83, 0, '0000-00-00'),
(539, 'Demo539', 'user539@company.com', 'FirstName539', 'LastName539', '4c3ee0195f2444ad204ccd7d94cb6d16', 82, 0, '0000-00-00'),
(540, 'Demo540', 'user540@company.com', 'FirstName540', 'LastName540', '4c3ee0195f2444ad204ccd7d94cb6d16', 82, 0, '0000-00-00'),
(541, 'Demo541', 'user541@company.com', 'FirstName541', 'LastName541', '4c3ee0195f2444ad204ccd7d94cb6d16', 85, 0, '0000-00-00'),
(542, 'Demo542', 'user542@company.com', 'FirstName542', 'LastName542', '4c3ee0195f2444ad204ccd7d94cb6d16', 88, 0, '0000-00-00'),
(543, 'Demo543', 'user543@company.com', 'FirstName543', 'LastName543', '4c3ee0195f2444ad204ccd7d94cb6d16', 135, 1, '2011-10-14'),
(544, 'Demo544', 'user544@company.com', 'FirstName544', 'LastName544', '4c3ee0195f2444ad204ccd7d94cb6d16', 36, 0, '0000-00-00'),
(545, 'Demo545', 'user545@company.com', 'FirstName545', 'LastName545', '4c3ee0195f2444ad204ccd7d94cb6d16', 104, 0, '0000-00-00'),
(546, 'Demo546', 'user546@company.com', 'FirstName546', 'LastName546', '4c3ee0195f2444ad204ccd7d94cb6d16', 58, 0, '0000-00-00'),
(547, 'Demo547', 'user547@company.com', 'FirstName547', 'LastName547', '4c3ee0195f2444ad204ccd7d94cb6d16', 52, 0, '0000-00-00'),
(548, 'Demo548', 'user548@company.com', 'FirstName548', 'LastName548', '4c3ee0195f2444ad204ccd7d94cb6d16', 107, 0, '0000-00-00'),
(549, 'Demo549', 'user549@company.com', 'FirstName549', 'LastName549', '4c3ee0195f2444ad204ccd7d94cb6d16', 82, 0, '0000-00-00'),
(550, 'Demo550', 'user550@company.com', 'FirstName550', 'LastName550', '4c3ee0195f2444ad204ccd7d94cb6d16', 82, 0, '0000-00-00'),
(551, 'Demo551', 'user551@company.com', 'FirstName551', 'LastName551', '4c3ee0195f2444ad204ccd7d94cb6d16', 53, 0, '0000-00-00'),
(552, 'Demo552', 'user552@company.com', 'FirstName552', 'LastName552', '4c3ee0195f2444ad204ccd7d94cb6d16', 56, 0, '0000-00-00'),
(553, 'Demo553', 'user553@company.com', 'FirstName553', 'LastName553', '4c3ee0195f2444ad204ccd7d94cb6d16', 56, 0, '0000-00-00'),
(554, 'Demo554', 'user554@company.com', 'FirstName554', 'LastName554', '4c3ee0195f2444ad204ccd7d94cb6d16', 109, 0, '0000-00-00'),
(555, 'Demo555', 'user555@company.com', 'FirstName555', 'LastName555', '4c3ee0195f2444ad204ccd7d94cb6d16', 85, 0, '0000-00-00'),
(556, 'Demo556', 'user556@company.com', 'FirstName556', 'LastName556', '4c3ee0195f2444ad204ccd7d94cb6d16', 56, 0, '0000-00-00'),
(557, 'Demo557', 'user557@company.com', 'FirstName557', 'LastName557', '4c3ee0195f2444ad204ccd7d94cb6d16', 56, 0, '0000-00-00'),
(558, 'Demo558', 'user558@company.com', 'FirstName558', 'LastName558', '4c3ee0195f2444ad204ccd7d94cb6d16', 54, 0, '0000-00-00'),
(559, 'Demo559', 'user559@company.com', 'FirstName559', 'LastName559', '4c3ee0195f2444ad204ccd7d94cb6d16', 36, 0, '0000-00-00'),
(560, 'Demo560', 'user560@company.com', 'FirstName560', 'LastName560', '4c3ee0195f2444ad204ccd7d94cb6d16', 87, 0, '0000-00-00'),
(561, 'Demo561', 'user561@company.com', 'FirstName561', 'LastName561', '4c3ee0195f2444ad204ccd7d94cb6d16', 21, 0, '0000-00-00'),
(562, 'Demo562', 'user562@company.com', 'FirstName562', 'LastName562', '4c3ee0195f2444ad204ccd7d94cb6d16', 51, 0, '0000-00-00'),
(563, 'Demo563', 'user563@company.com', 'FirstName563', 'LastName563', '4c3ee0195f2444ad204ccd7d94cb6d16', 75, 0, '0000-00-00'),
(564, 'Demo564', 'user564@company.com', 'FirstName564', 'LastName564', '4c3ee0195f2444ad204ccd7d94cb6d16', 75, 0, '0000-00-00'),
(565, 'Demo565', 'user565@company.com', 'FirstName565', 'LastName565', '4c3ee0195f2444ad204ccd7d94cb6d16', 131, 0, '0000-00-00'),
(566, 'Demo566', 'user566@company.com', 'FirstName566', 'LastName566', '4c3ee0195f2444ad204ccd7d94cb6d16', 62, 0, '0000-00-00'),
(567, 'Demo567', 'user567@company.com', 'FirstName567', 'LastName567', '4c3ee0195f2444ad204ccd7d94cb6d16', 29, 0, '0000-00-00'),
(568, 'Demo568', 'user568@company.com', 'FirstName568', 'LastName568', '4c3ee0195f2444ad204ccd7d94cb6d16', 29, 0, '0000-00-00'),
(569, 'Demo569', 'user569@company.com', 'FirstName569', 'LastName569', '4c3ee0195f2444ad204ccd7d94cb6d16', 65, 0, '0000-00-00'),
(570, 'Demo570', 'user570@company.com', 'FirstName570', 'LastName570', '4c3ee0195f2444ad204ccd7d94cb6d16', 125, 0, '0000-00-00'),
(571, 'Demo571', 'user571@company.com', 'FirstName571', 'LastName571', '4c3ee0195f2444ad204ccd7d94cb6d16', 113, 0, '0000-00-00'),
(572, 'Demo572', 'user572@company.com', 'FirstName572', 'LastName572', '4c3ee0195f2444ad204ccd7d94cb6d16', 46, 0, '0000-00-00'),
(573, 'Demo573', 'user573@company.com', 'FirstName573', 'LastName573', '4c3ee0195f2444ad204ccd7d94cb6d16', 111, 0, '0000-00-00'),
(574, 'Demo574', 'user574@company.com', 'FirstName574', 'LastName574', '4c3ee0195f2444ad204ccd7d94cb6d16', 84, 0, '0000-00-00'),
(575, 'Demo575', 'user575@company.com', 'FirstName575', 'LastName575', '4c3ee0195f2444ad204ccd7d94cb6d16', 113, 0, '0000-00-00'),
(576, 'Demo576', 'user576@company.com', 'FirstName576', 'LastName576', '4c3ee0195f2444ad204ccd7d94cb6d16', 39, 0, '0000-00-00'),
(577, 'Demo577', 'user577@company.com', 'FirstName577', 'LastName577', '4c3ee0195f2444ad204ccd7d94cb6d16', 64, 0, '0000-00-00'),
(578, 'Demo578', 'user578@company.com', 'FirstName578', 'LastName578', '4c3ee0195f2444ad204ccd7d94cb6d16', 64, 0, '0000-00-00'),
(579, 'Demo579', 'user579@company.com', 'FirstName579', 'LastName579', '4c3ee0195f2444ad204ccd7d94cb6d16', 23, 0, '0000-00-00'),
(580, 'Demo580', 'user580@company.com', 'FirstName580', 'LastName580', '4c3ee0195f2444ad204ccd7d94cb6d16', 12, 0, '0000-00-00'),
(581, 'Demo581', 'user581@company.com', 'FirstName581', 'LastName581', '4c3ee0195f2444ad204ccd7d94cb6d16', 35, 0, '0000-00-00'),
(582, 'Demo582', 'user582@company.com', 'FirstName582', 'LastName582', '4c3ee0195f2444ad204ccd7d94cb6d16', 7, 0, '0000-00-00'),
(583, 'Demo583', 'user583@company.com', 'FirstName583', 'LastName583', '4c3ee0195f2444ad204ccd7d94cb6d16', 87, 0, '0000-00-00'),
(584, 'Demo584', 'user584@company.com', 'FirstName584', 'LastName584', '4c3ee0195f2444ad204ccd7d94cb6d16', 51, 0, '0000-00-00'),
(585, 'Demo585', 'user585@company.com', 'FirstName585', 'LastName585', '4c3ee0195f2444ad204ccd7d94cb6d16', 51, 0, '0000-00-00'),
(586, 'Demo586', 'user586@company.com', 'FirstName586', 'LastName586', '4c3ee0195f2444ad204ccd7d94cb6d16', 50, 0, '0000-00-00'),
(587, 'Demo587', 'user587@company.com', 'FirstName587', 'LastName587', '4c3ee0195f2444ad204ccd7d94cb6d16', 7, 0, '0000-00-00'),
(588, 'Demo588', 'user588@company.com', 'FirstName588', 'LastName588', '4c3ee0195f2444ad204ccd7d94cb6d16', 7, 0, '0000-00-00'),
(589, 'Demo589', 'user589@company.com', 'FirstName589', 'LastName589', '4c3ee0195f2444ad204ccd7d94cb6d16', 7, 0, '0000-00-00'),
(590, 'Demo590', 'user590@company.com', 'FirstName590', 'LastName590', '4c3ee0195f2444ad204ccd7d94cb6d16', 7, 0, '0000-00-00'),
(591, 'Demo591', 'user591@company.com', 'FirstName591', 'LastName591', '4c3ee0195f2444ad204ccd7d94cb6d16', 111, 0, '0000-00-00'),
(592, 'Demo592', 'user592@company.com', 'FirstName592', 'LastName592', '4c3ee0195f2444ad204ccd7d94cb6d16', 7, 0, '0000-00-00'),
(593, 'Demo593', 'user593@company.com', 'FirstName593', 'LastName593', '4c3ee0195f2444ad204ccd7d94cb6d16', 33, 0, '0000-00-00'),
(594, 'Demo594', 'user594@company.com', 'FirstName594', 'LastName594', '4c3ee0195f2444ad204ccd7d94cb6d16', 111, 0, '0000-00-00'),
(595, 'Demo595', 'user595@company.com', 'FirstName595', 'LastName595', '4c3ee0195f2444ad204ccd7d94cb6d16', 90, 1, '2011-10-14'),
(596, 'Demo596', 'user596@company.com', 'FirstName596', 'LastName596', '4c3ee0195f2444ad204ccd7d94cb6d16', 38, 0, '0000-00-00'),
(597, 'Demo597', 'user597@company.com', 'FirstName597', 'LastName597', '4c3ee0195f2444ad204ccd7d94cb6d16', 94, 0, '0000-00-00'),
(598, 'Demo598', 'user598@company.com', 'FirstName598', 'LastName598', '4c3ee0195f2444ad204ccd7d94cb6d16', 36, 0, '0000-00-00'),
(599, 'Demo599', 'user599@company.com', 'FirstName599', 'LastName599', '4c3ee0195f2444ad204ccd7d94cb6d16', 88, 0, '0000-00-00'),
(600, 'Demo600', 'user600@company.com', 'FirstName600', 'LastName600', '4c3ee0195f2444ad204ccd7d94cb6d16', 92, 0, '0000-00-00'),
(601, 'Demo601', 'user601@company.com', 'FirstName601', 'LastName601', '4c3ee0195f2444ad204ccd7d94cb6d16', 73, 0, '0000-00-00'),
(602, 'Demo602', 'user602@company.com', 'FirstName602', 'LastName602', '4c3ee0195f2444ad204ccd7d94cb6d16', 92, 0, '0000-00-00'),
(603, 'Demo603', 'user603@company.com', 'FirstName603', 'LastName603', '4c3ee0195f2444ad204ccd7d94cb6d16', 21, 0, '0000-00-00'),
(604, 'Demo604', 'user604@company.com', 'FirstName604', 'LastName604', '4c3ee0195f2444ad204ccd7d94cb6d16', 71, 0, '0000-00-00'),
(605, 'Demo605', 'user605@company.com', 'FirstName605', 'LastName605', '4c3ee0195f2444ad204ccd7d94cb6d16', 18, 0, '0000-00-00'),
(606, 'Demo606', 'user606@company.com', 'FirstName606', 'LastName606', '4c3ee0195f2444ad204ccd7d94cb6d16', 50, 0, '0000-00-00'),
(607, 'Demo607', 'user607@company.com', 'FirstName607', 'LastName607', '4c3ee0195f2444ad204ccd7d94cb6d16', 99, 0, '0000-00-00'),
(608, 'Demo608', 'user608@company.com', 'FirstName608', 'LastName608', '4c3ee0195f2444ad204ccd7d94cb6d16', 112, 0, '0000-00-00'),
(609, 'Demo609', 'user609@company.com', 'FirstName609', 'LastName609', '4c3ee0195f2444ad204ccd7d94cb6d16', 112, 0, '0000-00-00'),
(610, 'Demo610', 'user610@company.com', 'FirstName610', 'LastName610', '4c3ee0195f2444ad204ccd7d94cb6d16', 95, 0, '0000-00-00'),
(611, 'Demo611', 'user611@company.com', 'FirstName611', 'LastName611', '4c3ee0195f2444ad204ccd7d94cb6d16', 86, 0, '0000-00-00'),
(612, 'Demo612', 'user612@company.com', 'FirstName612', 'LastName612', '4c3ee0195f2444ad204ccd7d94cb6d16', 86, 0, '0000-00-00'),
(613, 'Demo613', 'user613@company.com', 'FirstName613', 'LastName613', '4c3ee0195f2444ad204ccd7d94cb6d16', 103, 0, '0000-00-00'),
(614, 'Demo614', 'user614@company.com', 'FirstName614', 'LastName614', '4c3ee0195f2444ad204ccd7d94cb6d16', 88, 0, '0000-00-00'),
(615, 'Demo615', 'user615@company.com', 'FirstName615', 'LastName615', '4c3ee0195f2444ad204ccd7d94cb6d16', 136, 1, '2011-10-11'),
(616, 'Demo616', 'user616@company.com', 'FirstName616', 'LastName616', '4c3ee0195f2444ad204ccd7d94cb6d16', 108, 0, '0000-00-00'),
(617, 'Demo617', 'user617@company.com', 'FirstName617', 'LastName617', '4c3ee0195f2444ad204ccd7d94cb6d16', 108, 0, '0000-00-00'),
(618, 'Demo618', 'user618@company.com', 'FirstName618', 'LastName618', '4c3ee0195f2444ad204ccd7d94cb6d16', 53, 0, '0000-00-00'),
(619, 'Demo619', 'user619@company.com', 'FirstName619', 'LastName619', '4c3ee0195f2444ad204ccd7d94cb6d16', 1, 0, '0000-00-00'),
(620, 'Demo620', 'user620@company.com', 'FirstName620', 'LastName620', '4c3ee0195f2444ad204ccd7d94cb6d16', 1, 0, '0000-00-00'),
(621, 'Demo621', 'user621@company.com', 'FirstName621', 'LastName621', '4c3ee0195f2444ad204ccd7d94cb6d16', 101, 0, '0000-00-00'),
(622, 'Demo622', 'user622@company.com', 'FirstName622', 'LastName622', '4c3ee0195f2444ad204ccd7d94cb6d16', 90, 1, '2011-10-11'),
(623, 'Demo623', 'user623@company.com', 'FirstName623', 'LastName623', '4c3ee0195f2444ad204ccd7d94cb6d16', 90, 1, '2011-10-24'),
(624, 'Demo624', 'user624@company.com', 'FirstName624', 'LastName624', '4c3ee0195f2444ad204ccd7d94cb6d16', 18, 0, '0000-00-00'),
(625, 'Demo625', 'user625@company.com', 'FirstName625', 'LastName625', '4c3ee0195f2444ad204ccd7d94cb6d16', 101, 0, '0000-00-00'),
(626, 'Demo626', 'user626@company.com', 'FirstName626', 'LastName626', '4c3ee0195f2444ad204ccd7d94cb6d16', 90, 1, '2011-10-11'),
(627, 'Demo627', 'user627@company.com', 'FirstName627', 'LastName627', '4c3ee0195f2444ad204ccd7d94cb6d16', 89, 0, '0000-00-00'),
(628, 'Demo628', 'user628@company.com', 'FirstName628', 'LastName628', '4c3ee0195f2444ad204ccd7d94cb6d16', 95, 0, '0000-00-00'),
(629, 'Demo629', 'user629@company.com', 'FirstName629', 'LastName629', '4c3ee0195f2444ad204ccd7d94cb6d16', 92, 0, '0000-00-00'),
(630, 'Demo630', 'user630@company.com', 'FirstName630', 'LastName630', '4c3ee0195f2444ad204ccd7d94cb6d16', 92, 0, '0000-00-00'),
(631, 'Demo631', 'user631@company.com', 'FirstName631', 'LastName631', '4c3ee0195f2444ad204ccd7d94cb6d16', 45, 0, '0000-00-00'),
(632, 'Demo632', 'user632@company.com', 'FirstName632', 'LastName632', '4c3ee0195f2444ad204ccd7d94cb6d16', 74, 0, '0000-00-00'),
(633, 'Demo633', 'user633@company.com', 'FirstName633', 'LastName633', '4c3ee0195f2444ad204ccd7d94cb6d16', 123, 0, '0000-00-00'),
(634, 'Demo634', 'user634@company.com', 'FirstName634', 'LastName634', '4c3ee0195f2444ad204ccd7d94cb6d16', 92, 0, '0000-00-00'),
(635, 'Demo635', 'user635@company.com', 'FirstName635', 'LastName635', '4c3ee0195f2444ad204ccd7d94cb6d16', 104, 0, '0000-00-00'),
(636, 'Demo636', 'user636@company.com', 'FirstName636', 'LastName636', '4c3ee0195f2444ad204ccd7d94cb6d16', 71, 0, '0000-00-00'),
(637, 'Demo637', 'user637@company.com', 'FirstName637', 'LastName637', '4c3ee0195f2444ad204ccd7d94cb6d16', 20, 0, '0000-00-00'),
(638, 'Demo638', 'user638@company.com', 'FirstName638', 'LastName638', '4c3ee0195f2444ad204ccd7d94cb6d16', 92, 0, '0000-00-00'),
(639, 'Demo639', 'user639@company.com', 'FirstName639', 'LastName639', '4c3ee0195f2444ad204ccd7d94cb6d16', 106, 0, '0000-00-00'),
(640, 'Demo640', 'user640@company.com', 'FirstName640', 'LastName640', '4c3ee0195f2444ad204ccd7d94cb6d16', 103, 0, '0000-00-00'),
(641, 'Demo641', 'user641@company.com', 'FirstName641', 'LastName641', '4c3ee0195f2444ad204ccd7d94cb6d16', 103, 0, '0000-00-00'),
(642, 'Demo642', 'user642@company.com', 'FirstName642', 'LastName642', '4c3ee0195f2444ad204ccd7d94cb6d16', 104, 0, '0000-00-00'),
(643, 'Demo643', 'user643@company.com', 'FirstName643', 'LastName643', '4c3ee0195f2444ad204ccd7d94cb6d16', 101, 0, '0000-00-00'),
(644, 'Demo644', 'user644@company.com', 'FirstName644', 'LastName644', '4c3ee0195f2444ad204ccd7d94cb6d16', 31, 0, '0000-00-00'),
(645, 'Demo645', 'user645@company.com', 'FirstName645', 'LastName645', '4c3ee0195f2444ad204ccd7d94cb6d16', 64, 0, '0000-00-00'),
(646, 'Demo646', 'user646@company.com', 'FirstName646', 'LastName646', '4c3ee0195f2444ad204ccd7d94cb6d16', 53, 0, '0000-00-00'),
(647, 'Demo647', 'user647@company.com', 'FirstName647', 'LastName647', '4c3ee0195f2444ad204ccd7d94cb6d16', 68, 0, '0000-00-00'),
(648, 'Demo648', 'user648@company.com', 'FirstName648', 'LastName648', '4c3ee0195f2444ad204ccd7d94cb6d16', 78, 0, '0000-00-00'),
(649, 'Demo649', 'user649@company.com', 'FirstName649', 'LastName649', '4c3ee0195f2444ad204ccd7d94cb6d16', 26, 0, '0000-00-00'),
(650, 'Demo650', 'user650@company.com', 'FirstName650', 'LastName650', '4c3ee0195f2444ad204ccd7d94cb6d16', 101, 0, '0000-00-00'),
(651, 'Demo651', 'user651@company.com', 'FirstName651', 'LastName651', '4c3ee0195f2444ad204ccd7d94cb6d16', 76, 0, '0000-00-00'),
(652, 'Demo652', 'user652@company.com', 'FirstName652', 'LastName652', '4c3ee0195f2444ad204ccd7d94cb6d16', 14, 0, '0000-00-00'),
(653, 'Demo653', 'user653@company.com', 'FirstName653', 'LastName653', '4c3ee0195f2444ad204ccd7d94cb6d16', 31, 0, '0000-00-00'),
(654, 'Demo654', 'user654@company.com', 'FirstName654', 'LastName654', '4c3ee0195f2444ad204ccd7d94cb6d16', 106, 0, '0000-00-00'),
(655, 'Demo655', 'user655@company.com', 'FirstName655', 'LastName655', '4c3ee0195f2444ad204ccd7d94cb6d16', 112, 0, '0000-00-00'),
(656, 'Demo656', 'user656@company.com', 'FirstName656', 'LastName656', '4c3ee0195f2444ad204ccd7d94cb6d16', 9, 0, '0000-00-00'),
(657, 'Demo657', 'user657@company.com', 'FirstName657', 'LastName657', '4c3ee0195f2444ad204ccd7d94cb6d16', 37, 0, '0000-00-00'),
(658, 'Demo658', 'user658@company.com', 'FirstName658', 'LastName658', '4c3ee0195f2444ad204ccd7d94cb6d16', 71, 0, '0000-00-00'),
(659, 'Demo659', 'user659@company.com', 'FirstName659', 'LastName659', '4c3ee0195f2444ad204ccd7d94cb6d16', 22, 0, '0000-00-00'),
(660, 'Demo660', 'user660@company.com', 'FirstName660', 'LastName660', '4c3ee0195f2444ad204ccd7d94cb6d16', 22, 0, '0000-00-00'),
(661, 'Demo661', 'user661@company.com', 'FirstName661', 'LastName661', '4c3ee0195f2444ad204ccd7d94cb6d16', 80, 0, '0000-00-00'),
(662, 'Demo662', 'user662@company.com', 'FirstName662', 'LastName662', '4c3ee0195f2444ad204ccd7d94cb6d16', 112, 0, '0000-00-00'),
(663, 'Demo663', 'user663@company.com', 'FirstName663', 'LastName663', '4c3ee0195f2444ad204ccd7d94cb6d16', 20, 0, '0000-00-00'),
(664, 'Demo664', 'user664@company.com', 'FirstName664', 'LastName664', '4c3ee0195f2444ad204ccd7d94cb6d16', 82, 0, '0000-00-00'),
(665, 'Demo665', 'user665@company.com', 'FirstName665', 'LastName665', '4c3ee0195f2444ad204ccd7d94cb6d16', 50, 0, '0000-00-00'),
(666, 'Demo666', 'user666@company.com', 'FirstName666', 'LastName666', '4c3ee0195f2444ad204ccd7d94cb6d16', 34, 0, '0000-00-00'),
(667, 'Demo667', 'user667@company.com', 'FirstName667', 'LastName667', '4c3ee0195f2444ad204ccd7d94cb6d16', 105, 0, '0000-00-00'),
(668, 'Demo668', 'user668@company.com', 'FirstName668', 'LastName668', '4c3ee0195f2444ad204ccd7d94cb6d16', 2, 0, '0000-00-00'),
(669, 'Demo669', 'user669@company.com', 'FirstName669', 'LastName669', '4c3ee0195f2444ad204ccd7d94cb6d16', 85, 0, '0000-00-00'),
(670, 'Demo670', 'user670@company.com', 'FirstName670', 'LastName670', '4c3ee0195f2444ad204ccd7d94cb6d16', 7, 0, '0000-00-00'),
(671, 'Demo671', 'user671@company.com', 'FirstName671', 'LastName671', '4c3ee0195f2444ad204ccd7d94cb6d16', 7, 0, '0000-00-00'),
(672, 'Demo672', 'user672@company.com', 'FirstName672', 'LastName672', '4c3ee0195f2444ad204ccd7d94cb6d16', 93, 0, '0000-00-00'),
(673, 'Demo673', 'user673@company.com', 'FirstName673', 'LastName673', '4c3ee0195f2444ad204ccd7d94cb6d16', 93, 0, '0000-00-00'),
(674, 'Demo674', 'user674@company.com', 'FirstName674', 'LastName674', '4c3ee0195f2444ad204ccd7d94cb6d16', 104, 0, '0000-00-00'),
(675, 'Demo675', 'user675@company.com', 'FirstName675', 'LastName675', '4c3ee0195f2444ad204ccd7d94cb6d16', 124, 0, '0000-00-00'),
(676, 'Demo676', 'user676@company.com', 'FirstName676', 'LastName676', '4c3ee0195f2444ad204ccd7d94cb6d16', 124, 0, '0000-00-00'),
(677, 'Demo677', 'user677@company.com', 'FirstName677', 'LastName677', '4c3ee0195f2444ad204ccd7d94cb6d16', 61, 0, '0000-00-00'),
(678, 'Demo678', 'user678@company.com', 'FirstName678', 'LastName678', '4c3ee0195f2444ad204ccd7d94cb6d16', 89, 0, '0000-00-00'),
(679, 'Demo679', 'user679@company.com', 'FirstName679', 'LastName679', '4c3ee0195f2444ad204ccd7d94cb6d16', 98, 0, '0000-00-00'),
(680, 'Demo680', 'user680@company.com', 'FirstName680', 'LastName680', '4c3ee0195f2444ad204ccd7d94cb6d16', 94, 0, '0000-00-00'),
(681, 'Demo681', 'user681@company.com', 'FirstName681', 'LastName681', '4c3ee0195f2444ad204ccd7d94cb6d16', 32, 0, '0000-00-00'),
(682, 'Demo682', 'user682@company.com', 'FirstName682', 'LastName682', '4c3ee0195f2444ad204ccd7d94cb6d16', 66, 0, '0000-00-00'),
(683, 'Demo683', 'user683@company.com', 'FirstName683', 'LastName683', '4c3ee0195f2444ad204ccd7d94cb6d16', 61, 0, '0000-00-00'),
(684, 'Demo684', 'user684@company.com', 'FirstName684', 'LastName684', '4c3ee0195f2444ad204ccd7d94cb6d16', 93, 0, '0000-00-00'),
(685, 'Demo685', 'user685@company.com', 'FirstName685', 'LastName685', '4c3ee0195f2444ad204ccd7d94cb6d16', 87, 0, '0000-00-00'),
(686, 'Demo686', 'user686@company.com', 'FirstName686', 'LastName686', '4c3ee0195f2444ad204ccd7d94cb6d16', 37, 0, '0000-00-00'),
(687, 'Demo687', 'user687@company.com', 'FirstName687', 'LastName687', '4c3ee0195f2444ad204ccd7d94cb6d16', 28, 0, '0000-00-00'),
(688, 'Demo688', 'user688@company.com', 'FirstName688', 'LastName688', '4c3ee0195f2444ad204ccd7d94cb6d16', 37, 0, '0000-00-00'),
(689, 'Demo689', 'user689@company.com', 'FirstName689', 'LastName689', '4c3ee0195f2444ad204ccd7d94cb6d16', 103, 0, '0000-00-00'),
(690, 'Demo690', 'user690@company.com', 'FirstName690', 'LastName690', '4c3ee0195f2444ad204ccd7d94cb6d16', 98, 0, '0000-00-00'),
(691, 'Demo691', 'user691@company.com', 'FirstName691', 'LastName691', '4c3ee0195f2444ad204ccd7d94cb6d16', 34, 0, '0000-00-00'),
(692, 'Demo692', 'user692@company.com', 'FirstName692', 'LastName692', '4c3ee0195f2444ad204ccd7d94cb6d16', 34, 0, '0000-00-00'),
(693, 'Demo693', 'user693@company.com', 'FirstName693', 'LastName693', '4c3ee0195f2444ad204ccd7d94cb6d16', 93, 0, '0000-00-00'),
(694, 'Demo694', 'user694@company.com', 'FirstName694', 'LastName694', '4c3ee0195f2444ad204ccd7d94cb6d16', 66, 0, '0000-00-00'),
(695, 'Demo695', 'user695@company.com', 'FirstName695', 'LastName695', '4c3ee0195f2444ad204ccd7d94cb6d16', 5, 0, '0000-00-00'),
(696, 'Demo696', 'user696@company.com', 'FirstName696', 'LastName696', '4c3ee0195f2444ad204ccd7d94cb6d16', 5, 0, '0000-00-00'),
(697, 'Demo697', 'user697@company.com', 'FirstName697', 'LastName697', '4c3ee0195f2444ad204ccd7d94cb6d16', 5, 0, '0000-00-00'),
(699, 'Demo699', 'user699@company.com', 'FirstName699', 'LastName699', '4c3ee0195f2444ad204ccd7d94cb6d16', 5, 0, '0000-00-00'),
(700, 'Demo700', 'user700@company.com', 'FirstName700', 'LastName700', '4c3ee0195f2444ad204ccd7d94cb6d16', 5, 0, '0000-00-00'),
(701, 'Demo701', 'user701@company.com', 'FirstName701', 'LastName701', '4c3ee0195f2444ad204ccd7d94cb6d16', 5, 0, '0000-00-00'),
(702, 'Demo702', 'user702@company.com', 'FirstName702', 'LastName702', '4c3ee0195f2444ad204ccd7d94cb6d16', 5, 0, '0000-00-00'),
(703, 'Demo703', 'user703@company.com', 'FirstName703', 'LastName703', '4c3ee0195f2444ad204ccd7d94cb6d16', 5, 0, '0000-00-00'),
(704, 'Demo704', 'user704@company.com', 'FirstName704', 'LastName704', '4c3ee0195f2444ad204ccd7d94cb6d16', 5, 0, '0000-00-00'),
(705, 'Demo705', 'user705@company.com', 'FirstName705', 'LastName705', '4c3ee0195f2444ad204ccd7d94cb6d16', 5, 0, '0000-00-00'),
(706, 'Demo706', 'user706@company.com', 'FirstName706', 'LastName706', '4c3ee0195f2444ad204ccd7d94cb6d16', 5, 0, '0000-00-00'),
(707, 'Demo707', 'user707@company.com', 'FirstName707', 'LastName707', '4c3ee0195f2444ad204ccd7d94cb6d16', 5, 0, '0000-00-00'),
(708, 'Demo708', 'user708@company.com', 'FirstName708', 'LastName708', '4c3ee0195f2444ad204ccd7d94cb6d16', 5, 0, '0000-00-00'),
(709, 'Demo709', 'user709@company.com', 'FirstName709', 'LastName709', '4c3ee0195f2444ad204ccd7d94cb6d16', 5, 0, '0000-00-00'),
(710, 'Demo710', 'user710@company.com', 'FirstName710', 'LastName710', '4c3ee0195f2444ad204ccd7d94cb6d16', 5, 0, '0000-00-00'),
(711, 'Demo711', 'user711@company.com', 'FirstName711', 'LastName711', '4c3ee0195f2444ad204ccd7d94cb6d16', 5, 0, '0000-00-00'),
(712, 'Demo712', 'user712@company.com', 'FirstName712', 'LastName712', '4c3ee0195f2444ad204ccd7d94cb6d16', 5, 0, '0000-00-00'),
(713, 'Demo713', 'user713@company.com', 'FirstName713', 'LastName713', '4c3ee0195f2444ad204ccd7d94cb6d16', 5, 0, '0000-00-00'),
(714, 'stclair', 'stclair@biggiesize.com', 'Chris', 'St. Clair', '4c3ee0195f2444ad204ccd7d94cb6d16', 135, 1, '2011-10-10'),
(715, 'Demo715', 'user715@company.com', 'FirstName715', 'LastName715', '4c3ee0195f2444ad204ccd7d94cb6d16', 90, 1, '2011-10-26'),
(717, 'foobar', 'foo@bar.com', 'Foo', 'Bar', '4c3ee0195f2444ad204ccd7d94cb6d16', 140, 1, '2011-10-11'),
(718, 'Demo718', 'user718@company.com', 'FirstName718', 'LastName718', '4c3ee0195f2444ad204ccd7d94cb6d16', 40, 1, '2011-10-17');

--
-- Constraints for dumped tables
--

--
-- Constraints for table `delegation`
--
ALTER TABLE `delegation`
  ADD CONSTRAINT `delegation_ibfk_1` FOREIGN KEY (`users_id`) REFERENCES `users` (`users_id`) ON DELETE CASCADE ON UPDATE CASCADE,
  ADD CONSTRAINT `delegation_ibfk_2` FOREIGN KEY (`effective_users_id`) REFERENCES `users` (`users_id`) ON DELETE CASCADE ON UPDATE CASCADE;

--
-- Constraints for table `email_exclusion`
--
ALTER TABLE `email_exclusion`
  ADD CONSTRAINT `email_exclusion_ibfk_1` FOREIGN KEY (`users_id`) REFERENCES `users` (`users_id`) ON DELETE CASCADE ON UPDATE CASCADE;

--
-- Constraints for table `global_activity`
--
ALTER TABLE `global_activity`
  ADD CONSTRAINT `global_activity_ibfk_1` FOREIGN KEY (`categories_id`) REFERENCES `categories` (`categories_id`) ON DELETE CASCADE ON UPDATE CASCADE;

--
-- Constraints for table `local_activity`
--
ALTER TABLE `local_activity`
  ADD CONSTRAINT `global_id` FOREIGN KEY (`global_id`) REFERENCES `global_activity` (`global_id`) ON UPDATE CASCADE,
  ADD CONSTRAINT `users_id` FOREIGN KEY (`users_id`) REFERENCES `users` (`users_id`) ON UPDATE CASCADE;

--
-- Constraints for table `managers`
--
ALTER TABLE `managers`
  ADD CONSTRAINT `managers_ibfk_1` FOREIGN KEY (`users_id`) REFERENCES `users` (`users_id`) ON DELETE SET NULL ON UPDATE CASCADE;

--
-- Constraints for table `profile`
--
ALTER TABLE `profile`
  ADD CONSTRAINT `profile_ibfk_5` FOREIGN KEY (`users_id`) REFERENCES `users` (`users_id`),
  ADD CONSTRAINT `profile_ibfk_6` FOREIGN KEY (`positions_id`) REFERENCES `positions` (`positions_id`) ON DELETE SET NULL ON UPDATE CASCADE;

--
-- Constraints for table `time`
--
ALTER TABLE `time`
  ADD CONSTRAINT `time_ibfk_14` FOREIGN KEY (`local_id`) REFERENCES `local_activity` (`local_id`) ON DELETE CASCADE ON UPDATE CASCADE,
  ADD CONSTRAINT `time_ibfk_12` FOREIGN KEY (`users_id`) REFERENCES `users` (`users_id`) ON UPDATE CASCADE,
  ADD CONSTRAINT `time_ibfk_13` FOREIGN KEY (`global_id`) REFERENCES `global_activity` (`global_id`) ON DELETE CASCADE ON UPDATE CASCADE;

/*!40101 SET CHARACTER_SET_CLIENT=@OLD_CHARACTER_SET_CLIENT */;
/*!40101 SET CHARACTER_SET_RESULTS=@OLD_CHARACTER_SET_RESULTS */;
/*!40101 SET COLLATION_CONNECTION=@OLD_COLLATION_CONNECTION */;
